DATE,TIME,PI-501,FIC-502,TI-503,PI-511,FIC-512,TI-513,PI-521,FIC-522,TI-523,PI-585,FI-586,TI-587,PI-531,FIC-532,TI-533,PI-534,PI-541,FIC-542,TI-543,PI-551,FIC-552,TI-553,PI-588,TI-589,PI-105,TI-106,TIC-107,DPI-501,DPI-511,TI-570,PI-571,TIC-572,TIC-573A,TIC-573B,TIC-573C,TI-574,PI-575,DPI-576,TIC-577,TIC-578,TI-579A,TI-579B,TI-579C,TI-579D,TI-579E,TI-579F,TIC-580,PI-581,TI-582,TI-583,PI-584,PI-591,FI-592 Flow,FI-592 Vol.,FI-592 Flow Corr,TI-593,TIC-712,TI-713,TIC-X1,TI-108,PI-109,TIC-110,TIC-111,DPI-112,TIC-113,TI-114A,TI-114B,TI-114C,TI-114D,TI-114E,TI-114F,TIC-115,TIC-116,TI-117A,TI-117B,TI-117C,TI-117D,TI-117E,TI-117F,PI-118,TI-119A,TI-119B,TI-119C,TI-119D,TI-119E,TI-119F,TIC-120,TIC-121,TI-122A,TI-122B,TI-122C,TI-122D,TI-122E,TI-122F,TI-400,TI-410,PI-420,PI-421,FIC-423,TI-422,TIC-X2,PI-535,DPI-537,TIC-700,TI-701,TIC-702,TI-703,TI-704A,TI-704B,TI-704C,TI-705A,TI-705B,TI-705C,TI-705D,TI-705E,TI-705F,PI-706,TI-707,TI-708,TIC-X3,FEED CO (ppm),FEED O2 (%vol),PPE2 CO (ppm),PPE2 O2 (%vol),PPE2 FLM (%lel),BATH (C),BATH IN,Pump Rate,Valve Position,SP TIC-110,Pwr TIC-110,SP TIC-111,Pwr TIC-111,SP TIC-113,Pwr TIC-113,SP TIC-115,Pwr TIC-115,SP TIC-116,Pwr TIC-116,SP TIC-120,Pwr TIC-120,SP TIC-121,Pwr TIC-121,SP TIC-X2,Pwr TIC-X2,SP TIC-572,Pwr TIC-572,SP TIC-577,Pwr TIC-577,SP TIC-578,Pwr TIC-578,SP TIC-580,Pwr TIC-580,SP TIC-712,Pwr TIC-712,SP TIC-X1,Pwr TIC-X1,
11/13/2023,12:08:28 PM,-12.499997,0.500324,27.120605,-0.683796,0.002642,27.712036,199.590873,0.009327,26,-12.499997,-0.037337,1770,19.891088,1.000248,29.61087,-12.499997,198.649585,0.005271,28.926056,200.665665,-0.005009,28.521393,-12.499997,1770,-12.499997,1770,1770,0,11.816202,1770,-12.499997,1770,431,432.2,429,1770,146.050768,0.26701,1770,1770,434.715942,456.599182,458.093384,460.957153,447.229553,364.957153,249.937683,145.783757,32.443573,22.762634,145.75037,-1.037605,0,7346.75,0,26.311279,1770,1770,1770,1770,1.19294,1770,1770,0.193048,250.715942,426.622559,450.342407,449.128357,452.770386,429.33075,358.731506,1770,1770,1770,1770,1770,1770,1770,1770,0.999892,1770,1770,1770,1770,1770,1770,1770,1770,1770,1770,1770,1770,1770,1770,36.085602,22.918274,0.872086,-12.499997,1.80412,1770,1770,-12.499997,-6.249999,1770,1770,1770,1770,455,440,445,1770,1770,1770,1770,1770,1770,-6.249999,1770,1770,1770,22.60702,0.049383,0.002594,0.011431,21.86698,0.004684,0,1770,0,DRM/CNF In,0,0,0,0,250,69.245415,0,0,0,0,0,0,0,0,0,0,0,0,0,0,0,0,250,54.414204,0,0,0,0
11/13/2023,12:10:29 PM,-12.499997,0.500124,27.05835,-0.750548,0.000572,27.712036,199.597532,0.01133,25.937744,-12.499997,-0.036936,1770,19.891088,0.999981,29.579742,-12.499997,198.656244,0.00332,28.8638,200.458726,-0.003658,28.490265,-12.499997,1770,-12.499997,1770,1770,0,11.749449,1770,-12.499997,1770,425,427.4,422,1770,145.530065,0,1770,1770,433.84436,451.836548,453.455261,456.163391,440.599182,364.147827,250,145.530065,31.042786,22.731506,145.483336,-1.004229,0,7346.75,0,26.186768,1770,1770,1770,1770,1.19294,1770,1770,0.193048,250.249023,425.937744,450.311279,449.190674,452.770386,429.486389,358.887146,1770,1770,1770,1770,1770,1770,1770,1770,0.999892,1770,1770,1770,1770,1770,1770,1770,1770,1770,1770,1770,1770,1770,1770,37.673126,22.856018,0.858733,-12.499997,1.81193,1770,1770,-12.499997,-6.249999,1770,1770,1770,1770,455,440,445,1770,1770,1770,1770,1770,1770,-6.249999,1770,1770,1770,22.606573,0.044367,0.002594,0.011431,21.971457,0.004684,0,1770,0,DRM/CNF In,0,0,0,0,250,69.551313,0,0,0,0,0,0,0,0,0,0,0,0,0,0,0,0,250,54.339111,0,0,0,0
11/13/2023,12:12:30 PM,-12.499997,0.500191,26.996094,-0.677113,0.001173,27.618652,199.604237,0.007725,25.813202,-12.499997,-0.033732,1770,19.90444,1.000248,29.455231,-12.499997,198.669608,0.00407,28.770416,200.425338,-0.003283,28.396881,-12.499997,1770,-12.499997,1770,1770,0,11.822884,1770,-12.499997,1770,421,422.8,416,1770,145.24969,0.253692,1770,1770,432.412415,447.540833,448.848206,451.089478,434.404663,363.120605,249.937683,144.995998,29.76651,22.638123,145.10948,-1.024264,0,7346.75,0,26.15564,1770,1770,1770,1770,1.079447,1770,1770,0.079555,250,425.377441,450.249023,449.221802,452.801514,429.579773,359.011658,1770,1770,1770,1770,1770,1770,1770,1770,0.999892,1770,1770,1770,1770,1770,1770,1770,1770,1770,1770,1770,1770,1770,1770,39.167297,22.731506,0.858733,-12.499997,1.810194,1770,1770,-12.499997,-6.249999,1770,1770,1770,1770,455,440,445,1770,1770,1770,1770,1770,1770,-6.249999,1770,1770,1770,22.501216,0.049383,0.005694,0.011431,21.970564,0.007919,0,1770,0,DRM/CNF In,0,0,0,0,250,70.035955,0,0,0,0,0,0,0,0,0,0,0,0,0,0,0,0,250,54.540161,0,0,0,0
11/13/2023,12:14:31 PM,-12.499997,0.500324,26.90271,-0.737195,0.000506,27.494141,199.604237,0.008726,25.750946,-12.499997,-0.035134,1770,19.90444,1.000381,29.392975,-12.499997,198.656244,0.003695,28.677032,200.432043,-0.003433,28.303497,-12.499997,1770,-12.499997,1770,1770,0,11.762802,1770,-12.499997,1770,417,418.4,410,1770,144.995998,0.273716,1770,1770,430.66925,443.431885,444.210083,445.859924,428.459106,362,250,144.722283,28.739288,22.606995,144.715624,-1.050958,0,7346.75,0,26.031128,1770,1770,1770,1770,1.099471,1770,1770,0.106261,249.906555,424.754822,450.093384,449.221802,452.801514,429.610901,359.105042,1770,1770,1770,1770,1770,1770,1770,1770,0.99321,1770,1770,1770,1770,1770,1770,1770,1770,1770,1770,1770,1770,1770,1770,40.599213,22.700378,0.858733,-12.499997,1.814317,1770,1770,-12.499997,-6.249999,1770,1770,1770,1770,455,440,445,1770,1770,1770,1770,1770,1770,-6.249999,1770,1770,1770,22.398548,0.049383,0.002594,0.011431,21.970118,0.007919,0,1770,0,DRM/CNF In,0,0,0,0,250,70.376659,0,0,0,0,0,0,0,0,0,0,0,0,0,0,0,0,250,54.490598,0,0,0,0
11/13/2023,12:16:32 PM,-12.499997,0.500591,26.74707,-0.723842,0.00124,27.400757,199.590873,0.008125,25.595306,-12.499997,-0.03994,1770,19.90444,0.999847,29.206207,-12.499997,198.656244,0.00347,28.521393,200.432043,-0.005309,28.210114,-12.499997,1770,-12.499997,1770,1770,0,11.776155,1770,-12.499997,1770,413,414,405,1770,144.722283,0.260351,1770,1770,428.770386,439.540833,439.7276,440.692566,423.011658,360.817078,250,144.461931,28.085602,22.575867,144.488637,-1.037605,0,7346.75,0,26,1770,1770,1770,1770,1.079447,1770,1770,0.079555,250.093384,424.225647,450.031128,449.25293,452.801514,429.642029,359.229553,1770,1770,1770,1770,1770,1770,1770,1770,0.999892,1770,1770,1770,1770,1770,1770,1770,1770,1770,1770,1770,1770,1770,1770,41.782104,22.606995,0.825357,-12.499997,1.813992,1770,1770,-12.499997,-6.249999,1770,1770,1770,1770,455,440,445,1770,1770,1770,1770,1770,1770,-6.249999,1770,1770,1770,22.3972,0.049383,0.005694,0.011431,21.970564,0.007919,0,1770,0,DRM/CNF In,0,0,0,0,250,69.87805,0,0,0,0,0,0,0,0,0,0,0,0,0,0,0,0,250,54.503163,0,0,0,0
11/13/2023,12:18:33 PM,-12.499997,0.500591,26.684814,-0.750548,0.000372,27.276245,199.597532,0.009327,25.533051,-12.499997,-0.034132,1770,19.90444,1.000248,29.175079,-12.499997,198.676267,0.003995,28.459137,200.432043,-0.003058,28.085602,-12.499997,1770,-12.499997,1770,1770,0,11.749449,1770,-12.499997,1770,409,409.8,400,1770,144.468614,0.260375,1770,1770,426.653687,435.774292,435.182861,435.525269,417.813232,359.447449,250,144.208239,27.431885,22.451355,144.214921,-0.984205,0,7346.75,0,25.937744,1770,1770,1770,1770,1.099471,1770,1770,0.099579,250.031128,423.665344,449.937744,449.284058,452.801514,429.735413,359.354065,1770,1770,1770,1770,1770,1770,1770,1770,0.999892,1770,1770,1770,1770,1770,1770,1770,1770,1770,1770,1770,1770,1770,1770,42.871582,22.575867,0.825357,-12.499997,1.814208,1770,1770,-12.499997,-6.249999,1770,1770,1770,1770,455,440,445,1770,1770,1770,1770,1770,1770,-6.249999,1770,1770,1770,22.501663,0.044367,0.002594,0.011431,21.969224,0.007919,0,1770,0,DRM/CNF In,0,0,0,0,250,69.903557,0,0,0,0,0,0,0,0,0,0,0,0,0,0,0,0,250,54.589308,0,0,0,0
11/13/2023,12:20:34 PM,-12.499997,0.500591,26.560303,-0.703819,0.000372,27.182861,199.604237,0.008526,25.439667,-12.499997,-0.036335,1770,19.90444,0.999981,29.081696,-12.499997,198.656244,0.004596,28.334625,200.438702,-0.004334,27.992218,-12.499997,1770,-12.499997,1770,1770,0,11.796178,1770,-12.499997,1770,406,405.7,396,1770,144.208239,0.260351,1770,1770,424.536926,432.163391,430.856018,430.544739,413.019409,358.07782,250,143.947888,26.933838,22.451355,143.9145,-1.037605,0,7346.75,0,25.813202,1770,1770,1770,1770,1.099471,1770,1770,0.099579,250,423.198425,449.813232,449.284058,452.801514,429.766541,359.447449,1770,1770,1770,1770,1770,1770,1770,1770,0.999892,1770,1770,1770,1770,1770,1770,1770,1770,1770,1770,1770,1770,1770,1770,43.64978,22.544739,0.83871,-12.499997,1.813883,1770,1770,-12.499997,-6.249999,1770,1770,1770,1770,455,440,445,1770,1770,1770,1770,1770,1770,-6.249999,1770,1770,1770,22.502561,0.044367,0.005694,0.011431,21.967885,0.007919,0,1770,0,DRM/CNF In,0,0,0,0,250,69.949169,0,0,0,0,0,0,0,0,0,0,0,0,0,0,0,0,250,54.587585,0,0,0,0
11/13/2023,12:22:35 PM,-12.499997,0.500458,26.529175,-0.770583,0.00124,27.120605,199.597532,0.007124,25.377411,-12.499997,-0.036536,1770,19.891088,1.000782,29.081696,-12.499997,198.656244,0.003095,28.334625,200.425338,-0.003658,27.96109,-12.499997,1770,-12.499997,1770,1770,0,11.729414,1770,-12.499997,1770,402,401.7,392,1770,143.927864,0.226963,1770,1770,422.295715,428.677002,426.591431,425.657593,408.412415,356.55249,249.813171,143.700901,26.560303,22.389099,143.674172,-1.004229,0,7346.75,0,25.782074,1770,1770,1770,1770,1.166235,1770,1770,0.166343,250.031128,422.762634,449.719849,449.284058,452.832642,429.766541,359.603088,1770,1770,1770,1770,1770,1770,1770,1770,0.999892,1770,1770,1770,1770,1770,1770,1770,1770,1770,1770,1770,1770,1770,1770,44.428009,22.451355,0.865415,-12.499997,1.815293,1770,1770,-12.499997,-6.249999,1770,1770,1770,1770,455,440,445,1770,1770,1770,1770,1770,1770,-6.249999,1770,1770,1770,22.501663,0.049383,0.005694,0.011431,21.967885,0.007919,0,1770,0,DRM/CNF In,0,0,0,0,250,69.863792,0,0,0,0,0,0,0,0,0,0,0,0,0,0,0,0,250,55.297228,0,0,0,0
11/13/2023,12:24:36 PM,-12.499997,0.500591,26.529175,-0.750548,0.001173,27.120605,199.597532,0.009928,25.408539,-12.499997,-0.03233,1770,19.891088,1.000248,29.112823,-12.499997,198.656244,0.005271,28.365753,200.432043,-0.002683,27.929962,-12.499997,1770,-12.499997,1770,1770,0,11.749449,1770,-12.499997,1770,399,397.7,387,1770,143.674172,0.073412,1770,1770,420.023315,425.252869,422.420227,420.988281,404.023315,355.05835,250.031128,143.600761,26.373535,22.357971,143.607443,-1.050958,0,7346.75,0,25.750946,1770,1770,1770,1770,1.099471,1770,1770,0.106261,250,422.264587,449.595337,449.25293,452.801514,429.766541,359.665344,1770,1770,1770,1770,1770,1770,1770,1770,0.99321,1770,1770,1770,1770,1770,1770,1770,1770,1770,1770,1770,1770,1770,1770,45.050568,22.389099,0.818675,-12.499997,1.81269,1770,1770,-12.499997,-6.249999,1770,1770,1770,1770,455,440,445,1770,1770,1770,1770,1770,1770,-6.249999,1770,1770,1770,22.502561,0.044367,0.002594,0.011431,21.966991,0.007919,0,1770,0,DRM/CNF In,0,0,0,0,250,69.924537,0,0,0,0,0,0,0,0,0,0,0,0,0,0,0,0,250,54.814263,0,0,0,0
11/13/2023,12:26:37 PM,-12.499997,0.500391,26.529175,-0.777254,0.001173,27.027222,199.597532,0.009327,25.346283,-12.499997,-0.038538,1770,19.891088,0.999847,28.988312,-12.499997,198.676267,0.003545,28.210114,200.438702,-0.004034,27.774292,-12.499997,1770,-12.499997,1770,1770,0,11.722744,1770,-12.499997,1770,396,394,383,1770,143.400456,-0.013364,1770,1770,417.719849,421.984436,418.373535,416.443542,399.88324,353.501892,249.906555,143.413821,26.15564,22.357971,143.25361,-1.050958,0,7346.75,0,25.750946,1770,1770,1770,1770,1.112823,1770,1770,0.112931,250.093384,421.953308,449.564209,449.315186,452.832642,429.828796,359.820984,1770,1770,1770,1770,1770,1770,1770,1770,0.999892,1770,1770,1770,1770,1770,1770,1770,1770,1770,1770,1770,1770,1770,1770,45.673126,22.389099,0.798651,-12.499997,1.812473,1770,1770,-12.499997,-6.249999,1770,1770,1770,1770,455,440,445,1770,1770,1770,1770,1770,1770,-6.249999,1770,1770,1770,22.503008,0.049383,0.005694,0.011431,21.967437,0.007919,0,1770,0,DRM/CNF In,0,0,0,0,250,69.62385,0,0,0,0,0,0,0,0,0,0,0,0,0,0,0,0,250,55.120157,0,0,0,0
11/13/2023,12:30:39 PM,-12.499997,0.500391,26.529175,-0.750548,0.000105,26.90271,199.590873,0.010128,25.346283,-12.499997,-0.034132,1770,19.891088,1.000248,28.926056,-12.499997,198.669608,0.005946,28.178986,200.432043,-0.004184,27.618652,-12.499997,1770,-12.499997,1770,1770,0,11.749449,1770,-12.499997,1770,390,386.8,376,1770,143.140105,0.233622,1770,1770,413.081665,415.696472,410.684814,407.88324,392.163391,350.264587,250.124512,142.906483,25.626434,22.326843,142.913142,-0.984205,0,7346.75,0,25.657562,1770,1770,1770,1770,1.126176,1770,1770,0.132967,249.813171,421.33075,449.377441,449.315186,452.832642,429.859924,360.007751,1770,1770,1770,1770,1770,1770,1770,1770,0.99321,1770,1770,1770,1770,1770,1770,1770,1770,1770,1770,1770,1770,1770,1770,46.544739,22.326843,0.798651,-12.499997,1.812473,1770,1770,-12.499997,-6.249999,1770,1770,1770,1770,455,440,445,1770,1770,1770,1770,1770,1770,-6.249999,1770,1770,1770,22.502561,0.044367,0.005694,0.011431,21.966098,0.007919,0,1770,0,DRM/CNF In,0,0,0,0,250,70.475903,0,0,0,0,0,0,0,0,0,0,0,0,0,0,0,0,250,54.408391,0,0,0,0
11/13/2023,12:32:39 PM,-12.499997,0.500391,26.560303,-0.75723,0.000506,26.933838,199.604237,0.005922,25.346283,-12.499997,-0.036335,1770,19.891088,0.999981,28.926056,-12.499997,198.676267,0.003995,28.178986,200.425338,-0.004334,27.64978,-12.499997,1770,-12.499997,1770,1770,0,11.742767,1770,-12.499997,1770,387,383.3,372,1770,142.873095,0.053411,1770,1770,410.778198,412.645874,406.98053,403.867676,388.583618,348.583618,249.937683,142.819684,25.439667,22.326843,142.732884,-1.024264,0,7346.75,0,25.626434,1770,1770,1770,1770,1.032718,1770,1770,0.032826,250.031128,421.050537,449.284058,449.315186,452.832642,429.859924,360.070007,1770,1770,1770,1770,1770,1770,1770,1770,0.999892,1770,1770,1770,1770,1770,1770,1770,1770,1770,1770,1770,1770,1770,1770,46.762634,22.326843,0.83871,-12.499997,1.81269,1770,1770,-12.499997,-6.249999,1770,1770,1770,1770,455,440,445,1770,1770,1770,1770,1770,1770,-6.249999,1770,1770,1770,22.503008,0.049383,0.005694,0.011431,21.966098,0.007919,0,1770,0,DRM/CNF In,0,0,0,0,250,70.06316,0,0,0,0,0,0,0,0,0,0,0,0,0,0,0,0,250,54.938954,0,0,0,0
11/13/2023,12:34:40 PM,-12.499997,0.999476,26.74707,-0.783924,-0.000296,26.933838,199.043441,0.010128,25.284027,-12.499997,-0.033532,1770,19.90444,1.010662,29.112823,-12.499997,198.135541,0.006096,28.11673,200.425338,-0.004709,27.556396,-12.499997,1770,-12.499997,1770,1770,0,11.716073,1770,-12.499997,1770,383,379.7,368,1770,142.352369,0.106799,1770,1770,408.287903,409.533081,403.338501,399.758728,384.941589,346.840454,249.719788,142.24557,25.284027,22.326843,142.158771,-1.097687,0,7346.775,0.143704,25.626434,1770,1770,1770,1770,14.264204,1770,1770,0.139649,250.466919,405.828796,441.533081,446.544739,451.463013,430.513611,360.941589,1770,1770,1770,1770,1770,1770,1770,1770,14.124555,1770,1770,1770,1770,1770,1770,1770,1770,1770,1770,1770,1770,1770,1770,51.898834,22.233459,14.036808,-12.499997,-0.01263,1770,1770,-12.499997,-6.249999,1770,1770,1770,1770,455,440,445,1770,1770,1770,1770,1770,1770,-6.249999,1770,1770,1770,22.399893,0.044367,0.005694,0.011431,21.965652,0.007919,0,1770,0,DRM/CNF In,0,0,0,0,250,68.790809,0,0,0,0,0,0,0,0,0,0,0,0,0,0,0,0,250,55.580601,0,0,0,0
11/13/2023,12:36:41 PM,-12.499997,0.999342,26.809326,-0.723842,0.000105,26.90271,199.343886,0.010128,25.284027,-12.499997,-0.034934,1770,19.891088,0.033322,29.01944,-12.499997,201.847281,0.003545,28.272369,200.432043,-0.004484,27.618652,-12.499997,1770,-12.499997,1770,1770,0,11.776155,1770,-12.499997,1770,381,376.4,365,1770,142.359051,0.006682,1770,1770,405.984436,406.700378,399.914368,396.116699,381.735413,345.003845,250.217896,142.352369,25.190643,22.264587,142.152112,-1.070993,0,7346.775,0,25.626434,1770,1770,1770,1770,26.400839,1770,1770,0.059532,250.778198,399.7276,442.529175,449.626465,453.486389,430.793762,361.813232,1770,1770,1770,1770,1770,1770,1770,1770,26.341307,1770,1770,1770,1770,1770,1770,1770,1770,1770,1770,1770,1770,1770,1770,49.408539,22.233459,26.260242,-12.499997,-0.009701,1770,1770,-12.499997,-6.249999,1770,1770,1770,1770,455,440,445,1770,1770,1770,1770,1770,1770,-6.249999,1770,1770,1770,22.398995,0.044367,0.005694,0.016344,21.965652,0.007919,0,1770,0,DRM/CNF In,0,0,0,0,250,66.728144,0,0,0,0,0,0,0,0,0,0,0,0,0,0,0,0,250,54.643998,0,0,0,0
11/13/2023,12:38:42 PM,-12.499997,0.999275,26.840454,-0.723842,0.000506,26.90271,198.482692,0.998684,25.346283,-12.499997,-0.03253,1770,19.891088,0.010224,29.050568,-12.499997,201.860645,0.005421,28.272369,200.432043,-0.003208,27.64978,-12.499997,1770,-12.499997,1770,1770,0,11.776155,1770,-12.499997,1770,378,373.2,362,1770,143.934547,0,1770,1770,403.369629,403.96106,396.770386,392.599182,379.992187,343.478577,249.470764,143.934547,25.252899,22.264587,143.887817,-1.05764,0,7346.775,0,25.626434,1770,1770,1770,1770,38.644297,1770,1770,-0.00055,249.875427,398.015564,441.501953,449.750977,453.112793,429.859924,361.283997,1770,1770,1770,1770,1770,1770,1770,1770,38.644847,1770,1770,1770,1770,1770,1770,1770,1770,1770,1770,1770,1770,1770,1770,48.599213,22.233459,38.577123,-12.499997,-0.007857,1770,1770,-12.499997,-6.249999,1770,1770,1770,1770,455,440,445,1770,1770,1770,1770,1770,1770,-6.249999,1770,1770,1770,22.398995,0.044367,0.005694,0.016344,21.964758,0.007919,0,1770,0,DRM/CNF In,0,0,0,0,250,68.490285,0,0,0,0,0,0,0,0,0,0,0,0,0,0,0,0,250,56.346907,0,0,0,0
11/13/2023,12:40:43 PM,-12.499997,0.999476,26.74707,-0.770583,0.000839,26.933838,198.589515,0.998484,25.346283,-12.499997,2.246395,1770,19.891088,0.007687,29.050568,-12.499997,201.593635,0.004896,28.272369,200.405314,-0.003959,27.743164,-12.499997,1770,-12.499997,1770,1770,0,11.729414,1770,-12.499997,1770,375,370,359,1770,146.064132,0.280375,1770,1770,398.98053,401.221741,394.124512,389.268433,378.964966,345.315125,248.692566,145.783757,26.373535,22.202332,145.757028,-1.024264,0,7346.775,0,25.564178,1770,1770,1770,1770,51.294987,1770,1770,0.19306,249.564148,397.704285,440.972717,449.719849,453.019409,429.548645,360.910461,1770,1770,1770,1770,1770,1770,1770,1770,51.101927,1770,1770,1770,1770,1770,1770,1770,1770,1770,1770,1770,1770,1770,1770,47.665344,22.202332,51.034214,-12.499997,-0.010678,1770,1770,-12.499997,-6.249999,1770,1770,1770,1770,455,440,445,1770,1770,1770,1770,1770,1770,-6.249999,1770,1770,1770,22.399893,0.049383,0.005694,0.011431,21.964758,0.007919,0,1770,0,DRM/CNF In,0,0,0,0,250,69.899792,0,0,0,0,0,0,0,0,0,0,0,0,0,0,0,0,250,61.15883,0,0,0,0
11/13/2023,12:42:44 PM,-12.499997,0.999275,26.74707,-0.75723,0.001907,26.996094,199.350545,0.009928,25.346283,-12.499997,0.100853,1770,19.90444,0.008087,29.050568,-12.499997,201.58693,0.00347,28.303497,200.432043,-0.003508,27.774292,-12.499997,1770,-12.499997,1770,1770,0,11.742767,1770,-12.499997,1770,372,366.9,356,1770,138.667335,0.253692,1770,1770,395.587524,398.389099,391.198425,386.031128,375.540833,343.291809,250.466919,138.413643,27.96109,22.171204,138.500442,-1.004229,0,7346.775,0,25.533051,1770,1770,1770,1770,63.738714,1770,1770,0.193048,249.750916,398.046692,440.848206,449.719849,452.988281,429.33075,360.568054,1770,1770,1770,1770,1770,1770,1770,1770,63.545665,1770,1770,1770,1770,1770,1770,1770,1770,1770,1770,1770,1770,1770,1770,46.731506,22.171204,63.397836,-12.499997,-0.008725,1770,1770,-12.499997,-6.249999,1770,1770,1770,1770,455,440,445,1770,1770,1770,1770,1770,1770,-6.249999,1770,1770,1770,22.40034,0.044367,0.005694,0.011431,21.963868,0.007919,0,1770,0,DRM/CNF In,0,0,0,0,250,70.095308,0,0,0,0,0,0,0,0,0,0,0,0,0,0,0,0,250,57.214426,0,0,0,0
11/13/2023,12:44:45 PM,-12.499997,0.999142,26.715942,-0.770583,0.000772,26.996094,198.816478,0.498198,25.284027,-12.499997,1.38942,1770,19.891088,0.006085,29.050568,-12.499997,201.593635,0.00407,28.303497,200.425338,-0.003433,27.774292,-12.499997,1770,-12.499997,1770,1770,0,11.729414,1770,-12.499997,1770,369,363.7,352,1770,132.512224,0.133528,1770,1770,393.533081,395.898804,388.178955,382.918274,372.116699,340.739258,250.15564,132.378696,28.303497,22.171204,132.171733,-1.030934,0,7346.775,0,25.470795,1770,1770,1770,1770,75.848654,1770,1770,-0.107361,249.875427,398.762634,440.941589,449.657593,452.988281,429.175049,360.350159,1770,1770,1770,1770,1770,1770,1770,1770,75.956016,1770,1770,1770,1770,1770,1770,1770,1770,1770,1770,1770,1770,1770,1770,45.984436,22.171204,75.614587,-12.499997,-0.007857,1770,1770,-12.499997,-6.249999,1770,1770,1770,1770,455,440,445,1770,1770,1770,1770,1770,1770,-6.249999,1770,1770,1770,22.504352,0.049383,0.005694,0.011431,21.964313,0.007919,0,1770,0,DRM/CNF In,0,0,0,0,250,69.99165,0,0,0,0,0,0,0,0,0,0,0,0,0,0,0,0,250,56.783781,0,0,0,0
11/13/2023,12:46:46 PM,-12.499997,0.999275,26.684814,-0.783924,0.000506,26.933838,198.836501,0.498798,25.252899,-12.499997,1.201562,1770,19.891088,0.005818,29.01944,-12.499997,201.339943,0.003245,28.303497,200.432043,-0.003433,27.80542,-12.499997,1770,-12.499997,1770,1770,0,11.716073,1770,-12.499997,1770,367,360.8,349,1770,126.323726,0.046752,1770,1770,391.322937,393.37738,385.315125,379.898804,369.159485,338.840454,250.093384,126.276973,28.739288,22.140076,126.203538,-1.030934,0,7346.775,0,25.439667,1770,1770,1770,1770,88.325769,1770,1770,-0.060632,250.031128,399.789856,441.128357,449.657593,452.988281,429.019409,360.132263,1770,1770,1770,1770,1770,1770,1770,1770,88.386401,1770,1770,1770,1770,1770,1770,1770,1770,1770,1770,1770,1770,1770,1770,45.330719,22.171204,88.138431,-12.499997,-0.007098,1770,1770,-12.499997,-6.249999,1770,1770,1770,1770,455,440,445,1770,1770,1770,1770,1770,1770,-6.249999,1770,1770,1770,22.504352,0.049383,0.005694,0.011431,21.963868,0.007919,0,1770,0,DRM/CNF In,0,0,0,0,250,69.719423,0,0,0,0,0,0,0,0,0,0,0,0,0,0,0,0,250,56.854464,0,0,0,0
11/13/2023,12:48:47 PM,-12.499997,0.999142,26.684814,-0.75723,0.000973,26.933838,198.816478,0.498798,25.252899,-12.499997,2.368963,1770,19.884417,0.007019,28.988312,-12.499997,201.339943,0.004596,28.272369,200.411973,-0.003283,27.80542,-12.499997,1770,-12.499997,1770,1770,0,11.742767,1770,-12.499997,1770,364,357.8,346,1770,120.408943,0.160234,1770,1770,389.050537,390.887146,382.513611,377.034973,366.357971,337.128357,250.031128,120.248709,29.175079,22.07782,120.168615,-1.030934,0,7346.775,0,25.533051,1770,1770,1770,1770,100.736108,1770,1770,-0.000562,250.062256,401.003845,441.315186,449.657593,452.926025,428.832642,359.945496,1770,1770,1770,1770,1770,1770,1770,1770,100.73667,1770,1770,1770,1770,1770,1770,1770,1770,1770,1770,1770,1770,1770,1770,44.645905,22.07782,100.461994,-12.499997,-0.008399,1770,1770,-12.499997,-6.249999,1770,1770,1770,1770,455,440,445,1770,1770,1770,1770,1770,1770,-6.249999,1770,1770,1770,22.504352,0.049383,0.005694,0.011431,21.962974,0.007919,0,1770,0,DRM/CNF In,0,0,0,0,250,69.506067,0,0,0,0,0,0,0,0,0,0,0,0,0,0,0,0,250,56.827842,0,0,0,0
11/13/2023,12:50:48 PM,-12.499997,0.999142,26.653687,-0.797277,0.001507,26.871582,198.816478,0.498798,25.190643,-12.499997,1.81941,1770,19.891088,0.006085,28.8638,-12.499997,201.326578,0.002945,28.147858,200.432043,-0.005234,27.712036,-12.499997,1770,-12.499997,1770,1770,0,11.70272,1770,-12.499997,1770,361,354.9,344,1770,115.221825,0.267033,1770,1770,386.622559,388.365723,379.680908,374.07782,363.463013,335.447449,250.062256,114.954792,29.579742,22.046692,114.814604,-1.024264,0,7346.775,0,25.439667,1770,1770,1770,1770,112.832708,1770,1770,0.179696,250,402.031128,441.564209,449.626465,452.926025,428.614746,359.758728,1770,1770,1770,1770,1770,1770,1770,1770,112.653012,1770,1770,1770,1770,1770,1770,1770,1770,1770,1770,1770,1770,1770,1770,44.147858,22.07782,112.471818,-12.499997,-0.007423,1770,1770,-12.499997,-6.249999,1770,1770,1770,1770,455,440,445,1770,1770,1770,1770,1770,1770,-6.249999,1770,1770,1770,22.5048,0.049383,0.005694,0.016344,21.962974,0.007919,0,1770,0,DRM/CNF In,0,0,0,0,250,69.672982,0,0,0,0,0,0,0,0,0,0,0,0,0,0,0,0,250,56.659951,0,0,0,0
11/13/2023,12:52:49 PM,-12.499997,0.999342,26.684814,-0.817312,0.001774,26.840454,198.829842,0.498198,25.221771,-12.499997,0.636788,1770,19.857711,0.005684,28.770416,-12.499997,201.099615,0.00377,28.085602,200.405314,-0.002533,27.618652,-12.499997,1770,-12.499997,1770,1770,0,11.682685,1770,-12.499997,1770,359,352.1,341,1770,111.917306,0.126869,1770,1770,384.256775,385.906616,376.910461,371.276245,360.661438,333.859924,250.217896,111.790437,29.859924,22.046692,111.837189,-1.050958,0,7346.775,0,25.408539,1770,1770,1770,1770,124.468675,1770,1770,0.079578,250.062256,403.120605,441.813232,449.657593,452.926025,428.365723,359.634216,1770,1770,1770,1770,1770,1770,1770,1770,124.389097,1770,1770,1770,1770,1770,1770,1770,1770,1770,1770,1770,1770,1770,1770,43.680908,22.046692,124.154491,-12.499997,-0.008833,1770,1770,-12.499997,-6.249999,1770,1770,1770,1770,455,440,445,1770,1770,1770,1770,1770,1770,-6.249999,1770,1770,1770,22.504352,0.049383,0.005694,0.016344,21.962525,0.007919,0,1770,0,DRM/CNF In,0,0,0,0,250,69.421364,0,0,0,0,0,0,0,0,0,0,0,0,0,0,0,0,250,56.002128,0,0,0,0
11/13/2023,12:54:50 PM,-12.499997,0.999008,26.715942,-0.817312,0.000172,26.74707,198.84316,0.498598,25.252899,-12.499997,0.626974,1770,19.831006,0.004749,28.70816,-12.499997,201.079592,0.00407,28.023346,200.365267,-0.003809,27.556396,-12.499997,1770,-12.499997,1770,1770,0,11.682685,1770,-12.499997,1770,356,349.3,338,1770,111.83053,0.040093,1770,1770,381.828796,383.509705,374.233459,368.47467,357.984436,332.147827,249.937683,111.790437,29.92218,22.015564,111.83053,-1.004229,0,7346.775,0,25.377411,1770,1770,1770,1770,135.837586,1770,1770,0.139625,249.937683,404.147827,442.031128,449.657593,452.894897,428.085571,359.540833,1770,1770,1770,1770,1770,1770,1770,1770,135.697961,1770,1770,1770,1770,1770,1770,1770,1770,1770,1770,1770,1770,1770,1770,43.213989,22.015564,135.570155,-12.499997,-0.006881,1770,1770,-12.499997,-6.249999,1770,1770,1770,1770,455,440,445,1770,1770,1770,1770,1770,1770,-6.249999,1770,1770,1770,22.5048,0.044367,0.005694,0.011431,21.962974,0.009535,0,1770,0,DRM/CNF In,0,0,0,0,250,69.681356,0,0,0,0,0,0,0,0,0,0,0,0,0,0,0,0,250,56.561891,0,0,0,0
11/13/2023,12:56:50 PM,-12.499997,0.999075,26.684814,-0.777254,0.001774,26.715942,198.889913,0.499199,25.252899,-12.499997,1.52801,1770,19.831006,0.006752,28.677032,-12.499997,201.059568,0.005271,27.992218,200.425338,-0.003959,27.494141,-12.499997,1770,-12.499997,1770,1770,0,11.722744,1770,-12.499997,1770,354,346.6,335,1770,110.53541,0.086776,1770,1770,379.400757,381.019409,371.618652,365.735413,355.463013,330.373535,249.906555,110.448634,29.76651,21.984436,110.34847,-0.984205,0,7346.775,0,25.346283,1770,1770,1770,1770,147.146427,1770,1770,-0.03395,249.937683,405.112793,442.186768,449.626465,452.86377,427.743164,359.385193,1770,1770,1770,1770,1770,1770,1770,1770,147.180376,1770,1770,1770,1770,1770,1770,1770,1770,1770,1770,1770,1770,1770,1770,42.74707,22.015564,146.999159,-12.499997,-0.007315,1770,1770,-12.499997,-6.249999,1770,1770,1770,1770,455,440,445,1770,1770,1770,1770,1770,1770,-6.249999,1770,1770,1770,22.504352,0.044367,0.005694,0.016344,21.962525,0.009535,0,1770,0,DRM/CNF In,0,0,0,0,250,69.758384,0,0,0,0,0,0,0,0,0,0,0,0,0,0,0,0,250,56.802538,0,0,0,0
11/13/2023,12:58:51 PM,-12.499997,0.999075,26.653687,-0.783924,0.002174,26.684814,198.949983,0.498798,25.221771,-12.499997,1.524205,1770,19.817653,0.003815,28.645905,-12.499997,201.059568,0.005871,27.96109,200.365267,-0.003809,27.463013,-12.499997,1770,-12.499997,1770,1770,0,11.716073,1770,-12.499997,1770,351,343.8,333,1770,105.228128,0.033365,1770,1770,376.910461,378.591431,368.972717,363.027222,352.941589,328.661438,249.937683,105.194764,29.797638,21.984436,105.148011,-0.630384,126,7349.625,16.74693,25.346283,1770,1770,1770,1770,150.077112,1770,1770,0.072873,250.031128,405.424133,442.15564,449.595337,452.832642,427.525269,359.354065,1770,1770,1770,1770,1770,1770,1770,1770,150.00424,1770,1770,1770,1770,1770,1770,1770,1770,1770,1770,1770,1770,1770,1770,43.525269,21.984436,149.622741,-12.499997,1.488762,1770,1770,-12.499997,-6.249999,1770,1770,1770,1770,455,440,445,1770,1770,1770,1770,1770,1770,-6.249999,1770,1770,1770,22.5048,0.049383,0.005694,0.016344,21.962525,0.007919,0,1770,0,DRM/CNF In,0,0,0,0,250,69.567407,0,0,0,0,0,0,0,0,0,0,0,0,0,0,0,0,250,56.817231,0,0,0,0
11/13/2023,1:00:52 PM,-12.499997,0.998875,26.715942,-0.803959,0.000772,26.653687,198.949983,0.499199,25.221771,-12.499997,1.108835,1770,19.784276,0.003948,28.583649,-12.499997,201.079592,0.004295,27.929962,200.24508,-0.003733,27.431885,-12.499997,1770,-12.499997,1770,1770,0,11.696038,1770,-12.499997,1770,348,341.2,330,1770,101.823469,0.267057,1770,1770,374.482483,376.132263,366.326843,360.350159,350.451355,326.918274,250,101.556413,29.673126,21.953308,101.596483,-0.570302,135,7353.95,17.613636,25.284027,1770,1770,1770,1770,149.709962,1770,1770,0.15299,250.093384,405.610901,442.062256,449.501953,452.70813,427.338501,359.291809,1770,1770,1770,1770,1770,1770,1770,1770,149.556972,1770,1770,1770,1770,1770,1770,1770,1770,1770,1770,1770,1770,1770,1770,43.898834,21.984436,149.355731,-12.499997,1.469235,1770,1770,-12.499997,-6.249999,1770,1770,1770,1770,455,440,445,1770,1770,1770,1770,1770,1770,-6.249999,1770,1770,1770,22.40034,0.049383,0.005694,0.016344,21.962525,0.007919,0,1770,0,DRM/CNF In,0,0,0,0,250,69.357294,0,0,0,0,0,0,0,0,0,0,0,0,0,0,0,0,250,56.689772,0,0,0,0
11/13/2023,1:02:53 PM,-12.499997,0.998875,26.684814,-0.803959,0.00124,26.622559,199.050147,0.498598,25.159515,-12.499997,1.581684,1770,19.717524,0.004883,28.552521,-12.499997,200.892675,0.00347,27.836578,200.251786,-0.003433,27.431885,-12.499997,1770,-12.499997,1770,1770,0,11.696038,1770,-12.499997,1770,346,338.6,327,1770,96.529529,0.04007,1770,1770,372.116699,373.735413,363.836548,357.704285,348.023315,325.143921,250.031128,96.489459,29.548615,21.953308,96.349295,-0.550279,117,7358.15,17.307151,25.252899,1770,1770,1770,1770,149.576433,1770,1770,0.012803,250.062256,405.704285,442.062256,449.470825,452.677002,427.276245,359.322937,1770,1770,1770,1770,1770,1770,1770,1770,149.563631,1770,1770,1770,1770,1770,1770,1770,1770,1770,1770,1770,1770,1770,1770,44.054474,21.953308,149.315684,-12.499997,1.440704,1770,1770,-12.499997,-6.249999,1770,1770,1770,1770,455,440,445,1770,1770,1770,1770,1770,1770,-6.249999,1770,1770,1770,22.40034,0.044367,0.005694,0.016344,21.962974,0.007919,0,1770,0,DRM/CNF In,0,0,0,0,250,69.287472,0,0,0,0,0,0,0,0,0,0,0,0,0,0,0,0,250,56.589345,0,0,0,0
11/13/2023,1:04:54 PM,-12.499997,0.999275,26.684814,-0.770583,0.000038,26.560303,199.07017,0.498798,25.09726,-12.499997,2.171092,1770,19.690818,0.005283,28.552521,-12.499997,200.805876,0.003545,27.80542,200.191715,-0.003508,27.400757,-12.499997,1770,-12.499997,1770,1770,0,11.729414,1770,-12.499997,1770,343,335.9,325,1770,90.98859,0.20694,1770,1770,369.688721,371.338501,361.252869,355.05835,345.595337,323.400757,250,90.781651,29.268463,21.891052,90.875109,-0.550279,135,7362.3,16.896055,25.221771,1770,1770,1770,1770,149.589798,1770,1770,0.026167,249.937683,405.766541,442.062256,449.377441,452.645874,427.245117,359.322937,1770,1770,1770,1770,1770,1770,1770,1770,149.563631,1770,1770,1770,1770,1770,1770,1770,1770,1770,1770,1770,1770,1770,1770,44.241241,21.891052,149.335708,-12.499997,1.438318,1770,1770,-12.499997,-6.249999,1770,1770,1770,1770,455,440,445,1770,1770,1770,1770,1770,1770,-6.249999,1770,1770,1770,22.399893,0.044367,0.005694,0.016344,21.962525,0.007919,0,1770,0,DRM/CNF In,0,0,0,0,250,69.53319,0,0,0,0,0,0,0,0,0,0,0,0,0,0,0,0,250,56.679416,0,0,0,0
11/13/2023,1:06:55 PM,-12.499997,0.998875,26.622559,-0.783924,0.001774,26.529175,199.07017,0.499199,25.066132,-12.499997,1.802186,1770,19.644077,0.004482,28.521393,-12.499997,200.799217,0.005646,27.80542,200.158327,-0.003508,27.307373,-12.499997,1770,-12.499997,1770,1770,0,11.716073,1770,-12.499997,1770,341,333.4,322,1770,84.085802,0.186928,1770,1770,367.354065,368.941589,358.731506,352.47467,343.198425,321.657532,249.906555,83.898874,29.081696,21.891052,83.852145,-0.550279,126,7366.475,17.084613,25.190643,1770,1770,1770,1770,149.636504,1770,1770,0.066191,250,405.828796,442.062256,449.377441,452.645874,427.213989,359.354065,1770,1770,1770,1770,1770,1770,1770,1770,149.570313,1770,1770,1770,1770,1770,1770,1770,1770,1770,1770,1770,1770,1770,1770,44.490265,21.953308,149.295637,-12.499997,1.429314,1770,1770,-12.499997,-6.249999,1770,1770,1770,1770,455,440,445,1770,1770,1770,1770,1770,1770,-6.249999,1770,1770,1770,22.40034,0.044367,0.005694,0.016344,21.961635,0.007919,0,1770,0,DRM/CNF In,0,0,0,0,250,69.5007,0,0,0,0,0,0,0,0,0,0,0,0,0,0,0,0,250,56.989988,0,0,0,0
11/13/2023,1:08:56 PM,-12.499997,0.998808,26.622559,-0.797277,0.000372,26.529175,199.07017,0.499399,25.09726,-12.499997,0.861296,1770,19.657442,0.003948,28.552521,-12.499997,200.805876,0.005046,27.80542,200.158327,-0.003058,27.369629,-12.499997,1770,-12.499997,1770,1770,0,11.70272,1770,-12.499997,1770,339,331,320,1770,80.167088,0.226975,1770,1770,365.019409,366.606995,356.210083,349.92218,340.677002,319.976624,250.093384,79.940113,28.770416,21.859924,79.799926,-0.563632,126,7370.65,17.045273,25.159515,1770,1770,1770,1770,149.576433,1770,1770,0.012803,250.031128,405.766541,442.062256,449.377441,452.614746,427.213989,359.385193,1770,1770,1770,1770,1770,1770,1770,1770,149.563631,1770,1770,1770,1770,1770,1770,1770,1770,1770,1770,1770,1770,1770,1770,44.677032,21.953308,149.268932,-12.499997,1.435063,1770,1770,-12.499997,-6.249999,1770,1770,1770,1770,455,440,445,1770,1770,1770,1770,1770,1770,-6.249999,1770,1770,1770,22.401685,0.044367,0.005694,0.011431,21.962525,0.007919,0,1770,0,DRM/CNF In,0,0,0,0,250,69.443442,0,0,0,0,0,0,0,0,0,0,0,0,0,0,0,0,250,56.546036,0,0,0,0
11/13/2023,1:10:57 PM,-12.499997,0.999008,26.498047,-0.844018,0.000372,26.498047,199.083535,0.499199,25.035004,-12.499997,0.841869,1770,19.630736,0.004749,28.490265,-12.499997,200.799217,0.004746,27.743164,200.171692,-0.004034,27.369629,-12.499997,1770,-12.499997,1770,1770,0,11.655979,1770,-12.499997,1770,336,328.5,318,1770,78.631651,0.093458,1770,1770,362.715942,364.334595,353.813232,347.463013,338.435791,318.233459,250.031128,78.538193,28.365753,21.859924,78.551534,-0.550279,126,7374.85,16.83966,25.159515,1770,1770,1770,1770,149.549728,1770,1770,-0.013903,250,405.797668,442.093384,449.439697,452.614746,427.213989,359.447449,1770,1770,1770,1770,1770,1770,1770,1770,149.563631,1770,1770,1770,1770,1770,1770,1770,1770,1770,1770,1770,1770,1770,1770,44.832672,21.953308,149.262273,-12.499997,1.348386,1770,1770,-12.499997,-6.249999,1770,1770,1770,1770,455,440,445,1770,1770,1770,1770,1770,1770,-6.249999,1770,1770,1770,22.401685,0.044367,0.005694,0.016344,21.962525,0.007919,0,1770,0,DRM/CNF In,0,0,0,0,250,69.521487,0,0,0,0,0,0,0,0,0,0,0,0,0,0,0,0,250,56.561363,0,0,0,0
11/13/2023,1:12:58 PM,-12.499997,0.999008,26.404663,-0.797277,0.000105,26.466919,199.083535,0.4996,24.972748,-12.499997,2.255007,1770,19.630736,0.004215,28.521393,-12.499997,200.805876,0.004821,27.774292,200.171692,-0.003208,27.307373,-12.499997,1770,-12.499997,1770,1770,0,11.70272,1770,-12.499997,1770,334,326,315,1770,70.647376,0.24701,1770,1770,360.381287,361.968872,351.416321,344.972717,336.194519,316.521362,249.875427,70.400366,28.085602,21.859924,70.313579,-0.436786,135,7378.675,16.70096,25.066132,1770,1770,1770,1770,150.470992,1770,1770,0.072873,249.937683,405.859924,442.093384,449.439697,452.614746,427.213989,359.447449,1770,1770,1770,1770,1770,1770,1770,1770,150.398119,1770,1770,1770,1770,1770,1770,1770,1770,1770,1770,1770,1770,1770,1770,44.801544,21.891052,150.150149,-12.499997,1.422263,1770,1770,-12.499997,-6.249999,1770,1770,1770,1770,455,440,445,1770,1770,1770,1770,1770,1770,-6.249999,1770,1770,1770,22.402132,0.044367,0.005694,0.011431,21.961186,0.007919,0,1770,0,DRM/CNF In,0,0,0,0,250,69.781997,0,0,0,0,0,0,0,0,0,0,0,0,0,0,0,0,250,57.097036,0,0,0,0
11/13/2023,1:14:59 PM,-12.499997,0.999075,26.404663,-0.783924,0.001307,26.498047,199.090194,0.5,24.972748,-12.499997,1.107633,1770,19.644077,0.003414,28.552521,-12.499997,200.805876,0.00377,27.743164,200.171692,-0.003058,27.307373,-12.499997,1770,-12.499997,1770,1770,0,11.716073,1770,-12.499997,1770,331,323.6,313,1770,60.440034,0.10014,1770,1770,358.015564,359.634216,349.019409,342.482483,333.92218,314.778198,250,60.339894,27.836578,21.859924,60.199706,-0.456809,126,7382.825,17.175809,25.035004,1770,1770,1770,1770,150.370852,1770,1770,0.00612,250,405.859924,442.124512,449.439697,452.614746,427.213989,359.509705,1770,1770,1770,1770,1770,1770,1770,1770,150.364731,1770,1770,1770,1770,1770,1770,1770,1770,1770,1770,1770,1770,1770,1770,44.957184,21.891052,150.150149,-12.499997,1.429748,1770,1770,-12.499997,-6.249999,1770,1770,1770,1770,455,440,445,1770,1770,1770,1770,1770,1770,-6.249999,1770,1770,1770,22.40034,0.044367,0.005694,0.016344,21.961635,0.007919,0,1770,0,DRM/CNF In,0,0,0,0,250,69.701073,0,0,0,0,0,0,0,0,0,0,0,0,0,0,0,0,250,56.782984,0,0,0,0
11/13/2023,1:17:00 PM,-12.499997,0.998875,26.404663,-0.817312,0.000305,26.498047,199.090194,0.4996,25.035004,-12.499997,1.791572,1770,19.644077,0.003948,28.521393,-12.499997,200.805876,0.00437,27.774292,200.171692,-0.003058,27.369629,-12.499997,1770,-12.499997,1770,1770,0,11.682685,1770,-12.499997,1770,329,321.3,311,1770,48.723973,0.206963,1770,1770,355.680908,357.361816,346.653687,340.085571,331.712036,313.066101,249.937683,48.51701,27.556396,21.828766,48.216612,-0.309951,117,7386.95,16.906637,25.035004,1770,1770,1770,1770,150.377534,1770,1770,0.059532,250.031128,405.859924,442.124512,449.439697,452.614746,427.213989,359.540833,1770,1770,1770,1770,1770,1770,1770,1770,150.318002,1770,1770,1770,1770,1770,1770,1770,1770,1770,1770,1770,1770,1770,1770,45.143951,21.891052,150.143467,-12.499997,1.438643,1770,1770,-12.499997,-6.249999,1770,1770,1770,1770,455,440,445,1770,1770,1770,1770,1770,1770,-6.249999,1770,1770,1770,22.40034,0.049383,0.005694,0.016344,21.961635,0.007919,0,1770,0,DRM/CNF In,0,0,0,0,250,69.585424,0,0,0,0,0,0,0,0,0,0,0,0,0,0,0,0,250,56.942933,0,0,0,0
11/13/2023,1:19:01 PM,-12.499997,0.999008,26.342407,-0.777254,0.000038,26.498047,199.083535,0.4996,24.972748,-12.499997,1.617132,1770,19.644077,0.003948,28.490265,-12.499997,200.805876,0.00407,27.743164,200.171692,-0.003959,27.307373,-12.499997,1770,-12.499997,1770,1770,0,11.722744,1770,-12.499997,1770,327,319,308,1770,37.214852,0.233646,1770,1770,353.37738,355.089478,344.350159,337.782104,329.501892,311.447449,250.062256,36.981206,27.182861,21.828766,36.987865,-0.403409,126,7391.125,16.618689,25.066132,1770,1770,1770,1770,150.370852,1770,1770,0.019462,250.031128,405.891052,442.093384,449.377441,452.583618,427.213989,359.603088,1770,1770,1770,1770,1770,1770,1770,1770,150.35139,1770,1770,1770,1770,1770,1770,1770,1770,1770,1770,1770,1770,1770,1770,45.143951,21.859924,150.150149,-12.499997,1.423998,1770,1770,-12.499997,-6.249999,1770,1770,1770,1770,455,440,445,1770,1770,1770,1770,1770,1770,-6.249999,1770,1770,1770,22.40034,0.049383,0.005694,0.016344,21.961635,0.007919,0,1770,0,DRM/CNF In,0,0,0,0,250,69.523601,0,0,0,0,0,0,0,0,0,0,0,0,0,0,0,0,250,56.586054,0,0,0,0
11/13/2023,1:21:01 PM,-12.499997,0.999142,26.311279,-0.817312,-0.000095,26.466919,199.083535,0.5,24.910492,-12.499997,1.60151,1770,19.630736,0.003948,28.490265,-12.499997,200.805876,0.003245,27.743164,200.171692,-0.003508,27.276245,-12.499997,1770,-12.499997,1770,1770,0,11.682685,1770,-12.499997,1770,325,316.7,306,1770,26.974145,0.340468,1770,1770,351.105042,352.910461,342.07782,335.478577,327.322937,309.828796,250.031128,26.633677,26.74707,21.76651,26.633677,-0.483515,126,7395.25,16.908402,25.066132,1770,1770,1770,1770,150.357487,1770,1770,0.05285,250.062256,405.953308,442.124512,449.377441,452.583618,427.245117,359.603088,1770,1770,1770,1770,1770,1770,1770,1770,150.304638,1770,1770,1770,1770,1770,1770,1770,1770,1770,1770,1770,1770,1770,1770,45.237335,21.891052,150.150149,-12.499997,1.430833,1770,1770,-12.499997,-6.249999,1770,1770,1770,1770,455,440,445,1770,1770,1770,1770,1770,1770,-6.249999,1770,1770,1770,22.401685,0.044367,0.005694,0.016344,21.961186,0.007919,0,1770,0,DRM/CNF In,0,0,0,0,250,69.368609,0,0,0,0,0,0,0,0,0,0,0,0,0,0,0,0,250,56.598691,0,0,0,0
11/13/2023,1:23:02 PM,-12.499997,0.998875,26.311279,-0.850689,0.000839,26.466919,199.090194,0.5,24.910492,-12.499997,1.748913,1770,19.644077,0.004349,28.459137,-12.499997,200.779194,0.004746,27.743164,200.158327,-0.003658,27.245117,-12.499997,1770,-12.499997,1770,1770,0,11.649309,1770,-12.499997,1770,322,314.4,304,1770,16.720074,0.367174,1770,1770,348.832642,350.731506,339.867676,333.237305,325.206177,308.272339,249.937683,16.3529,26.217896,21.76651,16.286147,-0.436786,117,7399.4,17.089962,25.066132,1770,1770,1770,1770,150.324123,1770,1770,0.00612,250.031128,405.953308,442.124512,449.439697,452.614746,427.245117,359.634216,1770,1770,1770,1770,1770,1770,1770,1770,150.318002,1770,1770,1770,1770,1770,1770,1770,1770,1770,1770,1770,1770,1770,1770,45.237335,21.859924,150.150149,-12.499997,1.431917,1770,1770,-12.499997,-6.249999,1770,1770,1770,1770,455,440,445,1770,1770,1770,1770,1770,1770,-6.249999,1770,1770,1770,22.401685,0.044367,0.005694,0.016344,21.961186,0.007919,0,1770,0,DRM/CNF In,0,0,0,0,250,69.349803,0,0,0,0,0,0,0,0,0,0,0,0,0,0,0,0,250,56.856042,0,0,0,0
11/13/2023,1:25:03 PM,-12.499997,0.999008,26.217896,-0.817312,0.000305,26.404663,199.07017,0.5002,24.879364,-12.499997,0.90856,1770,19.644077,0.003548,28.365753,-12.499997,200.792512,0.004521,27.64978,200.158327,-0.003283,27.213989,-12.499997,1770,-12.499997,1770,1770,0,11.682685,1770,-12.499997,1770,320,312.1,302,1770,6.626237,0.280386,1770,1770,346.653687,348.645874,337.782104,331.120605,323.182861,306.684814,250.062256,6.345851,25.439667,21.704254,6.252392,-0.423433,126,7403.575,16.884307,25.09726,1770,1770,1770,1770,150.350828,1770,1770,0.05285,250.031128,405.984436,442.124512,449.377441,452.583618,427.245117,359.7276,1770,1770,1770,1770,1770,1770,1770,1770,150.297979,1770,1770,1770,1770,1770,1770,1770,1770,1770,1770,1770,1770,1770,1770,45.237335,21.859924,150.150149,-12.499997,1.426819,1770,1770,-12.499997,-6.249999,1770,1770,1770,1770,455,440,445,1770,1770,1770,1770,1770,1770,-6.249999,1770,1770,1770,22.402132,0.049383,0.005694,0.016344,21.961186,0.007919,0,1770,0,DRM/CNF In,0,0,0,0,250,69.322134,0,0,0,0,0,0,0,0,0,0,0,0,0,0,0,0,250,56.505642,0,0,0,0
11/13/2023,1:27:03 PM,-12.499997,0.998808,26.217896,-0.837336,0.000372,26.373535,199.063465,0.500801,24.879364,-12.499997,0.509613,1770,19.657442,0.004749,28.334625,-12.499997,200.61896,0.00407,27.618652,200.171692,-0.004184,27.182861,-12.499997,1770,-12.499997,1770,1770,0,11.662662,1770,-12.499997,1770,318,309.9,300,1770,1.899751,0.313763,1770,1770,344.47467,346.591431,335.7276,329.003845,321.034973,305.221741,250.124512,1.585989,24.723724,21.673126,1.485848,-0.496867,126,7407.75,17.299228,25.035004,1770,1770,1770,1770,150.350828,1770,1770,0.00612,250.031128,405.891052,442.124512,449.439697,452.583618,427.245117,359.7276,1770,1770,1770,1770,1770,1770,1770,1770,150.344708,1770,1770,1770,1770,1770,1770,1770,1770,1770,1770,1770,1770,1770,1770,45.237335,21.859924,150.143467,-12.499997,1.420093,1770,1770,-12.499997,-6.249999,1770,1770,1770,1770,455,440,445,1770,1770,1770,1770,1770,1770,-6.249999,1770,1770,1770,22.401685,0.044367,0.007242,0.016344,21.960741,0.004684,0,1770,0,DRM/CNF In,0,0,0,0,250,69.278037,0,0,0,0,0,0,0,0,0,0,0,0,0,0,0,0,250,56.114504,0,0,0,0
11/13/2023,1:29:04 PM,-12.499997,0.998875,26.186768,-0.844018,0.000105,26.311279,199.083535,0.500801,24.848236,-12.499997,0.432708,1770,19.65076,0.006085,28.210114,-12.499997,200.545525,0.005121,27.556396,200.158327,-0.003508,27.05835,-12.499997,1770,-12.499997,1770,1770,0,11.655979,1770,-12.499997,1770,316,307.7,297,1770,1.886399,0.287057,1770,1770,342.357971,344.63031,333.704285,327.073914,319.073914,303.665344,249.937683,1.599342,24.319061,21.579742,1.399061,-0.536926,117,7411.9,17.1141,25.035004,1770,1770,1770,1770,150.324123,1770,1770,-0.020585,249.937683,405.891052,442.15564,449.439697,452.583618,427.276245,359.789856,1770,1770,1770,1770,1770,1770,1770,1770,150.344708,1770,1770,1770,1770,1770,1770,1770,1770,1770,1770,1770,1770,1770,1770,45.361847,21.828766,150.143467,-12.499997,1.422696,1770,1770,-12.499997,-6.249999,1770,1770,1770,1770,455,440,445,1770,1770,1770,1770,1770,1770,-6.249999,1770,1770,1770,22.401685,0.044367,0.005694,0.016344,21.961186,0.007919,0,1770,0,DRM/CNF In,0,0,0,0,250,69.534383,0,0,0,0,0,0,0,0,0,0,0,0,0,0,0,0,250,56.451699,0,0,0,0
11/13/2023,1:31:04 PM,-12.499997,0.999008,26.124512,-0.823983,-0.000296,26.280151,199.07017,0.500801,24.78598,-12.499997,0.422293,1770,19.630736,0.004749,28.272369,-12.499997,200.545525,0.005946,27.556396,200.091552,-0.003208,27.027222,-12.499997,1770,-12.499997,1770,1770,0,11.676014,1770,-12.499997,1770,314,305.5,295,1770,1.899751,0.313763,1770,1770,340.303467,342.66925,331.774292,325.112793,317.268433,302.046692,250.031128,1.585989,24.163422,21.548615,1.399061,-0.550279,126,7416.05,16.788488,24.972748,1770,1770,1770,1770,150.350828,1770,1770,0.046191,249.906555,405.953308,442.15564,449.377441,452.55249,427.245117,359.820984,1770,1770,1770,1770,1770,1770,1770,1770,150.304638,1770,1770,1770,1770,1770,1770,1770,1770,1770,1770,1770,1770,1770,1770,45.361847,21.828766,150.143467,-12.499997,1.421069,1770,1770,-12.499997,-6.249999,1770,1770,1770,1770,455,440,445,1770,1770,1770,1770,1770,1770,-6.249999,1770,1770,1770,22.401685,0.049383,0.005694,0.011431,21.961635,0.007919,0,1770,0,DRM/CNF In,0,0,0,0,250,69.678624,0,0,0,0,0,0,0,0,0,0,0,0,0,0,0,0,250,56.294768,0,0,0,0
11/13/2023,1:33:05 PM,-12.499997,0.999008,26.093384,-0.817312,0.000572,26.217896,199.023418,0.500801,24.754852,-12.499997,0.425298,1770,19.630736,0.00515,28.147858,-12.499997,200.545525,0.002945,27.463013,199.971411,-0.002533,26.996094,-12.499997,1770,-12.499997,1770,1770,0,11.682685,1770,-12.499997,1770,312,303.4,293,1770,1.899751,0.30041,1770,1770,338.217896,340.583618,329.750977,323.151733,315.307373,300.396851,250,1.599342,24.412445,21.548615,1.472496,-0.536926,126,7420.25,17.01658,24.94162,1770,1770,1770,1770,150.337464,1770,1770,0.019462,249.937683,405.953308,442.15564,449.377441,452.55249,427.245117,359.852112,1770,1770,1770,1770,1770,1770,1770,1770,150.318002,1770,1770,1770,1770,1770,1770,1770,1770,1770,1770,1770,1770,1770,1770,45.330719,21.76651,150.150149,-12.499997,1.418032,1770,1770,-12.499997,-6.249999,1770,1770,1770,1770,455,440,445,1770,1770,1770,1770,1770,1770,-6.249999,1770,1770,1770,22.402132,0.044367,0.007242,0.016344,21.961186,0.007919,0,1770,0,DRM/CNF In,0,0,0,0,250,69.8536,0,0,0,0,0,0,0,0,0,0,0,0,0,0,0,0,250,56.363195,0,0,0,0
11/13/2023,1:35:06 PM,-12.499997,0.999075,26.031128,-0.850689,0.000506,26.15564,198.856525,0.5002,24.723724,-12.499997,0.423695,1770,19.630736,0.003014,28.085602,-12.499997,200.538819,0.004746,27.400757,199.891271,-0.004484,26.871582,-12.499997,1770,-12.499997,1770,1770,0,11.649309,1770,-12.499997,1770,309,301.2,291,1770,1.899751,0.30041,1770,1770,336.101135,338.622559,327.758728,321.128357,313.37738,298.715942,249.937683,1.599342,24.599213,21.455231,1.412414,-0.523573,126,7424.475,17.573974,24.910492,1770,1770,1770,1770,150.330805,1770,1770,0.026167,250.031128,405.891052,442.15564,449.377441,452.55249,427.245117,359.914368,1770,1770,1770,1770,1770,1770,1770,1770,150.304638,1770,1770,1770,1770,1770,1770,1770,1770,1770,1770,1770,1770,1770,1770,45.361847,21.76651,150.143467,-12.499997,1.472924,1770,1770,-12.499997,-6.249999,1770,1770,1770,1770,455,440,445,1770,1770,1770,1770,1770,1770,-6.249999,1770,1770,1770,22.402132,0.049383,0.005694,0.016344,21.961186,0.007919,0,1770,0,DRM/CNF In,0,0,0,0,250,69.607248,0,0,0,0,0,0,0,0,0,0,0,0,0,0,0,0,250,56.558618,0,0,0,0
11/13/2023,1:37:07 PM,-12.499997,0.999008,26.031128,-0.823983,0.000973,26.15564,198.335822,1.000486,24.723724,-12.499997,0.906558,1770,19.610713,0.004482,28.11673,-12.499997,200.525501,0.005121,27.431885,199.891271,-0.002758,26.871582,-12.499997,1770,-12.499997,1770,1770,0,11.676014,1770,-12.499997,1770,307,299.1,289,1770,2.707522,0.313763,1770,1770,331.525269,336.132263,326.513611,319.322937,312.256775,297.097229,249.564148,2.39376,25.408539,21.361847,2.24689,-0.523573,135,7428.825,17.742308,24.848236,1770,1770,1770,1770,150.350828,1770,1770,0.05285,250.062256,405.891052,442.15564,449.377441,452.583618,427.276245,359.914368,1770,1770,1770,1770,1770,1770,1770,1770,150.297979,1770,1770,1770,1770,1770,1770,1770,1770,1770,1770,1770,1770,1770,1770,45.268463,21.704254,150.123444,-12.499997,1.482362,1770,1770,-12.499997,-6.249999,1770,1770,1770,1770,455,440,445,1770,1770,1770,1770,1770,1770,-6.249999,1770,1770,1770,22.401685,0.044367,0.005694,0.016344,21.961186,0.007919,0,1770,0,DRM/CNF In,0,0,0,0,250,69.473875,0,0,0,0,0,0,0,0,0,0,0,0,0,0,0,0,250,57.968396,0,0,0,0
11/13/2023,1:39:08 PM,-12.499997,0.998808,26.031128,-0.864041,-0.000095,26.15564,198.30914,1.001288,24.723724,-12.499997,0.906558,1770,19.624054,0.004215,28.147858,-12.499997,200.538819,0.005271,27.400757,199.897976,-0.003283,26.840454,-12.499997,1770,-12.499997,1770,1770,0,11.635956,1770,-12.499997,1770,305,297,287,1770,2.707522,0.313763,1770,1770,327.354065,333.642029,324.801514,317.4552,310.700378,295.478577,249.937683,2.39376,26.311279,21.268463,2.226867,-0.456809,126,7433.125,17.890124,24.848236,1770,1770,1770,1770,150.350828,1770,1770,0.019462,250.031128,405.891052,442.15564,449.439697,452.614746,427.307373,359.914368,1770,1770,1770,1770,1770,1770,1770,1770,150.331367,1770,1770,1770,1770,1770,1770,1770,1770,1770,1770,1770,1770,1770,1770,45.268463,21.735382,150.076714,-12.499997,1.468476,1770,1770,-12.499997,-6.249999,1770,1770,1770,1770,455,440,445,1770,1770,1770,1770,1770,1770,-6.249999,1770,1770,1770,22.401685,0.044367,0.005694,0.016344,21.961186,0.007919,0,1770,0,DRM/CNF In,0,0,0,0,250,69.464147,0,0,0,0,0,0,0,0,0,0,0,0,0,0,0,0,250,57.425049,0,0,0,0
11/13/2023,1:41:08 PM,-12.499997,0.999075,26.031128,-0.817312,0.000105,26.15564,198.349187,1.000687,24.754852,-12.499997,0.90075,1770,19.624054,0.004215,28.147858,-12.499997,200.538819,0.004596,27.431885,199.897976,-0.003508,26.871582,-12.499997,1770,-12.499997,1770,1770,0,11.682685,1770,-12.499997,1770,303,295,285,1770,2.69417,0.30041,1770,1770,323.463013,331.182861,322.933838,315.494141,308.926025,293.891052,250.031128,2.39376,27.120605,21.175079,2.206843,-0.470162,135,7437.4,17.498971,24.78598,1770,1770,1770,1770,150.350828,1770,1770,0.046191,250.031128,405.891052,442.124512,449.377441,452.583618,427.276245,359.914368,1770,1770,1770,1770,1770,1770,1770,1770,150.304638,1770,1770,1770,1770,1770,1770,1770,1770,1770,1770,1770,1770,1770,1770,45.268463,21.704254,150.10342,-12.499997,1.468801,1770,1770,-12.499997,-6.249999,1770,1770,1770,1770,455,440,445,1770,1770,1770,1770,1770,1770,-6.249999,1770,1770,1770,22.401685,0.044367,0.005694,0.016344,21.961186,0.007919,0,1770,0,DRM/CNF In,0,0,0,0,250,69.427399,0,0,0,0,0,0,0,0,0,0,0,0,0,0,0,0,250,57.130538,0,0,0,0
11/13/2023,1:43:09 PM,-12.499997,0.998675,25.968872,-0.864041,0.000506,26.031128,198.422622,1.000687,24.692596,-12.499997,0.906357,1770,19.604031,0.004883,28.085602,-12.499997,200.545525,0.003245,27.369629,199.897976,-0.003058,26.74707,-12.499997,1770,-12.499997,1770,1770,0,11.635956,1770,-12.499997,1770,301,293,283,1770,2.69417,0.30041,1770,1770,319.945496,328.817078,321.034973,313.595276,307.182861,292.303467,250,2.39376,27.774292,21.143951,2.220196,-0.456809,117,7441.7,17.64308,24.78598,1770,1770,1770,1770,150.337464,1770,1770,-0.007244,250.093384,406.015564,442.15564,449.439697,452.614746,427.276245,359.945496,1770,1770,1770,1770,1770,1770,1770,1770,150.344708,1770,1770,1770,1770,1770,1770,1770,1770,1770,1770,1770,1770,1770,1770,45.361847,21.704254,150.143467,-12.499997,1.464679,1770,1770,-12.499997,-6.249999,1770,1770,1770,1770,455,440,445,1770,1770,1770,1770,1770,1770,-6.249999,1770,1770,1770,22.402132,0.044367,0.007242,0.011431,21.960741,0.007919,0,1770,0,DRM/CNF In,0,0,0,0,250,69.138169,0,0,0,0,0,0,0,0,0,0,0,0,0,0,0,0,250,57.178637,0,0,0,0
11/13/2023,1:45:10 PM,-12.499997,0.999075,25.937744,-0.864041,0.000038,26.031128,198.482692,1.000486,24.692596,-12.499997,0.902152,1770,19.543949,0.003414,28.11673,-12.499997,200.545525,0.006622,27.369629,199.897976,-0.003733,26.840454,-12.499997,1770,-12.499997,1770,1770,0,11.635956,1770,-12.499997,1770,299,291.1,281,1770,2.707522,0.313763,1770,1770,316.70813,326.513611,319.073914,311.696472,305.346252,290.653687,250.031128,2.39376,28.303497,21.112823,2.226867,-0.476844,126,7446,17.274318,24.754852,1770,1770,1770,1770,150.350828,1770,1770,0.019462,249.937683,406.015564,442.124512,449.377441,452.583618,427.276245,359.945496,1770,1770,1770,1770,1770,1770,1770,1770,150.331367,1770,1770,1770,1770,1770,1770,1770,1770,1770,1770,1770,1770,1770,1770,45.237335,21.673126,150.130126,-12.499997,1.46392,1770,1770,-12.499997,-6.249999,1770,1770,1770,1770,455,440,445,1770,1770,1770,1770,1770,1770,-6.249999,1770,1770,1770,22.506144,0.049383,0.005694,0.016344,21.960741,0.007919,0,1770,0,DRM/CNF In,0,0,0,0,250,69.49826,0,0,0,0,0,0,0,0,0,0,0,0,0,0,0,0,250,57.121489,0,0,0,0
11/13/2023,1:47:10 PM,-12.499997,0.999008,25.937744,-0.837336,0.000639,26.093384,198.496056,1.000687,24.723724,-12.499997,0.899949,1770,19.590678,0.004482,28.147858,-12.499997,200.545525,0.004295,27.400757,199.897976,-0.002683,26.871582,-12.499997,1770,-12.499997,1770,1770,0,11.662662,1770,-12.499997,1770,297,289.1,280,1770,2.707522,0.320433,1770,1770,313.782104,324.272339,317.143921,309.766541,303.57196,289.034973,249.937683,2.387089,28.739288,21.081696,2.233537,-0.483515,126,7450.3,17.545644,24.692596,1770,1770,1770,1770,150.357487,1770,1770,0.012779,250,406.046692,442.124512,449.346313,452.583618,427.307373,359.976624,1770,1770,1770,1770,1770,1770,1770,1770,150.344708,1770,1770,1770,1770,1770,1770,1770,1770,1770,1770,1770,1770,1770,1770,45.143951,21.673126,150.083397,-12.499997,1.46392,1770,1770,-12.499997,-6.249999,1770,1770,1770,1770,455,440,445,1770,1770,1770,1770,1770,1770,-6.249999,1770,1770,1770,22.506144,0.049383,0.005694,0.016344,21.959847,0.007919,0,1770,0,DRM/CNF In,0,0,0,0,250,69.432915,0,0,0,0,0,0,0,0,0,0,0,0,0,0,0,0,250,57.341211,0,0,0,0
11/13/2023,1:49:11 PM,-12.499997,0.998875,25.937744,-0.850689,0.000172,26.093384,198.536103,1.000887,24.754852,-12.499997,0.897145,1770,19.577325,0.004349,28.210114,-12.499997,200.525501,0.005946,27.463013,199.891271,-0.003058,26.90271,-12.499997,1770,-12.499997,1770,1770,0,11.649309,1770,-12.499997,1770,295,287.1,278,1770,2.707522,0.313763,1770,1770,310.98053,322.031128,315.151733,307.774292,301.704224,287.447449,250,2.39376,29.206207,21.01944,2.206843,-0.450138,117,7454.6,17.635391,24.599213,1770,1770,1770,1770,150.324123,1770,1770,0.019485,249.937683,406.015564,442.093384,449.346313,452.614746,427.307373,359.945496,1770,1770,1770,1770,1770,1770,1770,1770,150.304638,1770,1770,1770,1770,1770,1770,1770,1770,1770,1770,1770,1770,1770,1770,45.050568,21.641998,150.036668,-12.499997,1.464354,1770,1770,-12.499997,-6.249999,1770,1770,1770,1770,455,440,445,1770,1770,1770,1770,1770,1770,-6.249999,1770,1770,1770,22.506144,0.049383,0.005694,0.016344,21.960741,0.007919,0,1770,0,DRM/CNF In,0,0,0,0,250,69.690388,0,0,0,0,0,0,0,0,0,0,0,0,0,0,0,0,250,57.26565,0,0,0,0
11/13/2023,1:51:11 PM,-12.499997,0.999275,25.937744,-0.850689,0.000372,26.124512,198.542762,1.000687,24.78598,-12.499997,0.898947,1770,19.510572,0.006218,28.272369,-12.499997,200.498772,0.006321,27.494141,199.897976,-0.004034,26.933838,-12.499997,1770,-12.499997,1770,1770,0,11.649309,1770,-12.499997,1770,293,285.2,276,1770,2.707522,0.320433,1770,1770,308.459106,319.88324,313.221741,305.937744,299.929932,285.859924,249.937683,2.387089,29.579742,20.988312,2.200161,-0.450138,135,7458.925,17.798346,24.599213,1770,1770,1770,1770,150.350828,1770,1770,0.05285,250.031128,406.046692,442.093384,449.346313,452.614746,427.307373,359.976624,1770,1770,1770,1770,1770,1770,1770,1770,150.297979,1770,1770,1770,1770,1770,1770,1770,1770,1770,1770,1770,1770,1770,1770,45.050568,21.641998,150.050009,-12.499997,1.466632,1770,1770,-12.499997,-6.249999,1770,1770,1770,1770,455,440,445,1770,1770,1770,1770,1770,1770,-6.249999,1770,1770,1770,22.506144,0.049383,0.007242,0.016344,21.960741,0.007919,0,1770,0,DRM/CNF In,0,0,0,0,250,69.492924,0,0,0,0,0,0,0,0,0,0,0,0,0,0,0,0,250,57.409593,0,0,0,0
11/13/2023,1:53:12 PM,-12.499997,0.999075,25.968872,-0.850689,0.000172,26.124512,198.509374,1.001488,24.848236,-12.499997,0.897545,1770,19.437138,0.003548,28.272369,-12.499997,200.365267,0.003545,27.494141,199.871247,-0.003508,26.90271,-12.499997,1770,-12.499997,1770,1770,0,11.649309,1770,-12.499997,1770,291,283.3,274,1770,2.707522,0.313763,1770,1770,305.937744,317.766541,311.322937,304.038879,298.093384,284.303467,250.031128,2.39376,29.953308,20.988312,2.220196,-0.376704,117,7463.225,17.901346,24.599213,1770,1770,1770,1770,150.350828,1770,1770,0.05285,249.937683,406.015564,442.124512,449.377441,452.614746,427.338501,359.976624,1770,1770,1770,1770,1770,1770,1770,1770,150.297979,1770,1770,1770,1770,1770,1770,1770,1770,1770,1770,1770,1770,1770,1770,45.050568,21.579742,150.096738,-12.499997,1.469235,1770,1770,-12.499997,-6.249999,1770,1770,1770,1770,455,440,445,1770,1770,1770,1770,1770,1770,-6.249999,1770,1770,1770,22.506144,0.049383,0.007242,0.016344,21.959847,0.004684,0,1770,0,DRM/CNF In,0,0,0,0,250,69.767435,0,0,0,0,0,0,0,0,0,0,0,0,0,0,0,0,250,57.162236,0,0,0,0
11/13/2023,1:55:13 PM,-12.499997,0.999008,25.906616,-0.864041,0.000506,26.031128,198.542762,1.000887,24.754852,-12.499997,0.90095,1770,19.397079,0.004482,28.147858,-12.499997,200.298491,0.004821,27.400757,199.804471,-0.003433,26.840454,-12.499997,1770,-12.499997,1770,1770,0,11.635956,1770,-12.499997,1770,289,281.4,272,1770,2.707522,0.313763,1770,1770,303.57196,315.680908,309.392944,302.140076,296.287903,282.715942,249.937683,2.39376,30.202332,20.926056,2.200161,-0.50355,144,7467.55,17.674747,24.599213,1770,1770,1770,1770,150.350828,1770,1770,0.126284,249.937683,406.015564,442.124512,449.346313,452.614746,427.307373,360.007751,1770,1770,1770,1770,1770,1770,1770,1770,150.224544,1770,1770,1770,1770,1770,1770,1770,1770,1770,1770,1770,1770,1770,1770,45.081696,21.579742,150.023303,-12.499997,1.462292,1770,1770,-12.499997,-6.249999,1770,1770,1770,1770,455,440,445,1770,1770,1770,1770,1770,1770,-6.249999,1770,1770,1770,22.505697,0.049383,0.007242,0.011431,21.959847,0.007919,0,1770,0,DRM/CNF In,0,0,0,0,250,69.892481,0,0,0,0,0,0,0,0,0,0,0,0,0,0,0,0,250,57.38801,0,0,0,0
11/13/2023,1:57:14 PM,-12.499997,0.998808,25.906616,-0.864041,0.000172,26,198.542762,1.000887,24.723724,-12.499997,0.897345,1770,19.40375,0.004749,28.085602,-12.499997,200.285174,0.003695,27.369629,199.784448,-0.002908,26.74707,-12.499997,1770,-12.499997,1770,1770,0,11.635956,1770,-12.499997,1770,287,279.4,270,1770,2.707522,0.313763,1770,1770,301.330688,313.657532,307.463013,300.241211,294.513611,281.128357,249.937683,2.39376,30.575867,20.926056,2.206843,-0.456809,126,7471.85,17.719652,24.536957,1770,1770,1770,1770,150.350828,1770,1770,0.11292,250.031128,405.984436,442.124512,449.377441,452.614746,427.307373,360.007751,1770,1770,1770,1770,1770,1770,1770,1770,150.237908,1770,1770,1770,1770,1770,1770,1770,1770,1770,1770,1770,1770,1770,1770,45.050568,21.548615,150.076714,-12.499997,1.465004,1770,1770,-12.499997,-6.249999,1770,1770,1770,1770,455,440,445,1770,1770,1770,1770,1770,1770,-6.249999,1770,1770,1770,22.5048,0.044367,0.005694,0.011431,21.958508,0.009535,0,1770,0,DRM/CNF In,0,0,0,0,250,69.670774,0,0,0,0,0,0,0,0,0,0,0,0,0,0,0,0,250,57.463763,0,0,0,0
11/13/2023,1:59:15 PM,-12.499997,0.999008,25.813202,-0.884065,0.000772,25.813202,198.542762,1.000887,24.661469,-12.499997,0.894741,1770,19.417103,0.004482,27.836578,-12.499997,200.285174,0.005346,27.120605,199.637578,-0.003508,26.560303,-12.499997,1770,-12.499997,1770,1770,0,11.615932,1770,-12.499997,1770,285,277.6,269,1770,2.707522,0.313763,1770,1770,299.089478,311.603088,305.53302,298.373535,292.70813,279.57196,250,2.39376,30.731506,20.8638,2.24689,-0.50355,135,7476.15,17.28877,24.505829,1770,1770,1770,1770,150.337464,1770,1770,0.132943,250,406.046692,442.15564,449.377441,452.583618,427.307373,360.038879,1770,1770,1770,1770,1770,1770,1770,1770,150.20452,1770,1770,1770,1770,1770,1770,1770,1770,1770,1770,1770,1770,1770,1770,44.957184,21.548615,150.009962,-12.499997,1.468042,1770,1770,-12.499997,-6.249999,1770,1770,1770,1770,455,440,445,1770,1770,1770,1770,1770,1770,-6.249999,1770,1770,1770,22.505697,0.049383,0.005694,0.016344,21.959847,0.007919,0,1770,0,DRM/CNF In,0,0,0,0,250,69.698659,0,0,0,0,0,0,0,0,0,0,0,0,0,0,0,0,250,57.414213,0,0,0,0
11/13/2023,2:01:16 PM,-12.499997,0.998875,25.813202,-0.864041,0.000639,25.750946,198.562786,1.000486,24.568085,-12.499997,0.889134,1770,19.377056,0.004482,27.743164,-12.499997,200.285174,0.004521,27.089478,199.8312,-0.003809,26.498047,-12.499997,1770,-12.499997,1770,1770,0,11.635956,1770,-12.499997,1770,283,275.7,267,1770,2.707522,0.30041,1770,1770,296.910461,309.579712,303.634216,296.536926,290.90271,278.046692,249.813171,2.407113,30.918274,20.832672,2.226867,-0.456809,126,7480.45,17.522771,24.474701,1770,1770,1770,1770,150.350828,1770,1770,0.066214,249.906555,405.984436,442.15564,449.377441,452.583618,427.307373,360.038879,1770,1770,1770,1770,1770,1770,1770,1770,150.284614,1770,1770,1770,1770,1770,1770,1770,1770,1770,1770,1770,1770,1770,1770,45.01944,21.548615,150.056691,-12.499997,1.45676,1770,1770,-12.499997,-6.249999,1770,1770,1770,1770,455,440,445,1770,1770,1770,1770,1770,1770,-6.249999,1770,1770,1770,22.505697,0.049383,0.005694,0.016344,21.959402,0.007919,0,1770,0,DRM/CNF In,0,0,0,0,250,70.052759,0,0,0,0,0,0,0,0,0,0,0,0,0,0,0,0,250,58.010959,0,0,0,0
11/13/2023,2:03:16 PM,-12.499997,0.999075,25.84436,-0.864041,0.000772,25.750946,198.562786,1.000687,24.661469,-12.499997,0.893139,1770,19.437138,0.005684,27.743164,-12.499997,200.799217,0.005421,27.027222,200.171692,-0.003508,26.466919,-12.499997,1770,-12.499997,1770,1770,0,11.635956,1770,-12.499997,1770,282,273.9,265,1770,2.707522,0.313763,1770,1770,294.856018,307.64978,301.797668,294.731506,289.097229,276.490234,249.937683,2.39376,31.322937,20.8638,2.220196,-0.456809,126,7484.725,17.433015,24.505829,1770,1770,1770,1770,150.324123,1770,1770,-0.000562,250,405.859924,442.15564,449.377441,452.614746,427.307373,360.070007,1770,1770,1770,1770,1770,1770,1770,1770,150.324684,1770,1770,1770,1770,1770,1770,1770,1770,1770,1770,1770,1770,1770,1770,45.081696,21.548615,150.116761,-12.499997,1.454807,1770,1770,-12.499997,-6.249999,1770,1770,1770,1770,455,440,445,1770,1770,1770,1770,1770,1770,-6.249999,1770,1770,1770,22.506144,0.049383,0.007242,0.016344,21.959847,0.007919,0,1770,0,DRM/CNF In,0,0,0,0,250,69.855284,0,0,0,0,0,0,0,0,0,0,0,0,0,0,0,0,250,57.933698,0,0,0,0
11/13/2023,2:05:17 PM,-12.499997,0.999008,26.031128,-0.750548,-0.000162,25.84436,198.562786,1.000687,24.848236,-12.499997,0.895342,1770,19.543949,0.004482,28.023346,-12.499997,201.079592,0.004295,27.182861,200.505478,-0.002908,26.529175,-12.499997,1770,-12.499997,1770,1770,0,11.749449,1770,-12.499997,1770,280,272,263,1770,2.707522,0.313763,1770,1770,292.801514,305.719788,299.898804,292.894897,287.354065,275.027222,250.062256,2.39376,32.007782,21.112823,2.220196,-0.483515,126,7489.05,17.809637,24.754852,1770,1770,1770,1770,150.337464,1770,1770,0.032826,250.217896,405.828796,442.15564,449.439697,452.614746,427.307373,360.132263,1770,1770,1770,1770,1770,1770,1770,1770,150.304638,1770,1770,1770,1770,1770,1770,1770,1770,1770,1770,1770,1770,1770,1770,45.424103,21.76651,150.150149,-12.499997,1.474009,1770,1770,-12.499997,-6.249999,1770,1770,1770,1770,455,440,445,1770,1770,1770,1770,1770,1770,-6.249999,1770,1770,1770,22.506144,0.049383,0.007242,0.016344,21.959402,0.007919,0,1770,0,DRM/CNF In,0,0,0,0,250,69.140856,0,0,0,0,0,0,0,0,0,0,0,0,0,0,0,0,250,57.51929,0,0,0,0
11/13/2023,2:07:18 PM,-12.499997,0.999075,26.15564,-0.730525,-0.000429,25.968872,198.562786,1.000086,25.035004,-12.499997,0.896544,1770,19.537278,0.004883,28.303497,-12.499997,201.079592,0.00407,27.276245,200.638983,-0.004259,26.653687,-12.499997,1770,-12.499997,1770,1770,0,11.769473,1770,-12.499997,1770,278,270.3,262,1770,2.707522,0.30041,1770,1770,290.809326,303.758728,298.093384,291.089478,285.579712,273.470764,250.062256,2.407113,32.381317,21.206207,2.226867,-0.456809,126,7493.375,17.850887,25.09726,1770,1770,1770,1770,150.350828,1770,1770,0.00612,250.15564,405.828796,442.124512,449.439697,452.583618,427.338501,360.163391,1770,1770,1770,1770,1770,1770,1770,1770,150.344708,1770,1770,1770,1770,1770,1770,1770,1770,1770,1770,1770,1770,1770,1770,45.735382,21.953308,150.056691,-12.499997,1.482795,1770,1770,-12.499997,-6.249999,1770,1770,1770,1770,455,440,445,1770,1770,1770,1770,1770,1770,-6.249999,1770,1770,1770,22.5048,0.044367,0.007242,0.011431,21.959847,0.007919,0,1770,0,DRM/CNF In,0,0,0,0,250,68.964029,0,0,0,0,0,0,0,0,0,0,0,0,0,0,0,0,250,57.388252,0,0,0,0
11/13/2023,2:09:19 PM,-12.499997,0.998875,26.217896,-0.66376,0.000372,26.031128,198.57615,1.000486,25.159515,-12.499997,0.892739,1770,19.610713,0.006352,28.459137,-12.499997,201.032839,0.003695,27.369629,200.438702,-0.004784,26.684814,-12.499997,1770,-12.499997,1770,1770,0,11.836237,1770,-12.499997,1770,276,268.5,260,1770,2.707522,0.30041,1770,1770,288.817078,301.859924,296.256775,289.315125,283.898804,272.007751,250.124512,2.407113,32.692596,21.330719,2.220196,-0.476844,135,7497.725,17.819163,25.284027,1770,1770,1770,1770,150.337464,1770,1770,0.126284,250.031128,405.828796,442.186768,449.470825,452.614746,427.400757,360.194519,1770,1770,1770,1770,1770,1770,1770,1770,150.211179,1770,1770,1770,1770,1770,1770,1770,1770,1770,1770,1770,1770,1770,1770,45.953308,22.07782,149.989915,-12.499997,1.479433,1770,1770,-12.499997,-6.249999,1770,1770,1770,1770,455,440,445,1770,1770,1770,1770,1770,1770,-6.249999,1770,1770,1770,22.5048,0.049383,0.007242,0.016344,21.960741,0.007919,0.01,1770,0,DRM/CNF In,0,0,0,0,250,69.103673,0,0,0,0,0,0,0,0,0,0,0,0,0,0,0,0,250,57.047279,0,0,0,0
11/13/2023,2:11:20 PM,-12.499997,0.999275,26.280151,-0.750548,0.000305,26.124512,198.529398,1.000887,25.221771,-12.499997,0.896544,1770,19.604031,0.004482,28.521393,-12.499997,200.845923,0.005346,27.556396,200.598936,-0.002983,26.809326,-12.499997,1770,-12.499997,1770,1770,0,11.749449,1770,-12.499997,1770,274,266.8,258,1770,2.707522,0.313763,1770,1770,286.887146,299.929932,294.451355,287.540833,282.186768,270.513611,250.031128,2.39376,32.972748,21.455231,2.273596,-0.450138,126,7502,17.667923,25.408539,1770,1770,1770,1770,150.330805,1770,1770,0.106261,249.937683,405.828796,442.186768,449.470825,452.583618,427.338501,360.225647,1770,1770,1770,1770,1770,1770,1770,1770,150.224544,1770,1770,1770,1770,1770,1770,1770,1770,1770,1770,1770,1770,1770,1770,46.07782,22.202332,149.989915,-12.499997,1.470971,1770,1770,-12.499997,-6.249999,1770,1770,1770,1770,455,440,445,1770,1770,1770,1770,1770,1770,-6.249999,1770,1770,1770,22.5048,0.044367,0.005694,0.016344,21.960741,0.007919,0.01,1770,0,DRM/CNF In,0,0,0,0,250,69.395493,0,0,0,0,0,0,0,0,0,0,0,0,0,0,0,0,250,57.135788,0,0,0,0
11/13/2023,2:13:21 PM,-12.499997,0.998808,26.342407,-0.677113,0.000572,26.186768,198.542762,1.000887,25.346283,-12.499997,0.894741,1770,19.630736,0.003815,28.645905,-12.499997,200.845923,0.006171,27.587524,200.632278,-0.003658,26.871582,-12.499997,1770,-12.499997,1770,1770,0,11.822884,1770,-12.499997,1770,272,264.9,257,1770,2.707522,0.30041,1770,1770,284.957153,298.062256,292.645874,285.766479,280.536926,269.019409,250.062256,2.407113,33.284027,21.548615,2.273596,-0.450138,135,7506.35,17.434667,25.533051,1770,1770,1770,1770,150.337464,1770,1770,0.17299,250.093384,405.828796,442.186768,449.470825,452.614746,427.400757,360.256775,1770,1770,1770,1770,1770,1770,1770,1770,150.164474,1770,1770,1770,1770,1770,1770,1770,1770,1770,1770,1770,1770,1770,1770,46.171204,22.326843,149.989915,-12.499997,1.471839,1770,1770,-12.499997,-6.249999,1770,1770,1770,1770,455,440,445,1770,1770,1770,1770,1770,1770,-6.249999,1770,1770,1770,22.504352,0.044367,0.005694,0.011431,21.961186,0.007919,0.01,1770,0,DRM/CNF In,0,0,0,0,250,68.988768,0,0,0,0,0,0,0,0,0,0,0,0,0,0,0,0,250,57.061783,0,0,0,0
11/13/2023,2:15:22 PM,-12.499997,0.999075,26.404663,-0.730525,-0.000362,26.342407,198.542762,1.001288,25.439667,-12.499997,0.898146,1770,19.630736,0.003948,28.70816,-12.499997,200.799217,0.00407,27.712036,200.47209,-0.003433,26.996094,-12.499997,1770,-12.499997,1770,1770,0,11.769473,1770,-12.499997,1770,270,263.2,255,1770,2.707522,0.313763,1770,1770,283.05835,296.225647,290.871582,284.085571,278.856018,267.525269,250.031128,2.39376,33.439667,21.579742,2.226867,-0.476844,126,7510.65,17.513158,25.595306,1770,1770,1770,1770,150.25737,1770,1770,0.092896,250,405.828796,442.249023,449.501953,452.614746,427.400757,360.256775,1770,1770,1770,1770,1770,1770,1770,1770,150.164474,1770,1770,1770,1770,1770,1770,1770,1770,1770,1770,1770,1770,1770,1770,46.202332,22.420227,149.909821,-12.499997,1.473358,1770,1770,-12.499997,-6.249999,1770,1770,1770,1770,455,440,445,1770,1770,1770,1770,1770,1770,-6.249999,1770,1770,1770,22.5048,0.044367,0.005694,0.011431,21.962525,0.007919,0.01,1770,0,DRM/CNF In,0,0,0,0,250,69.107443,0,0,0,0,0,0,0,0,0,0,0,0,0,0,0,0,250,57.055822,0,0,0,0
11/13/2023,2:17:23 PM,-12.499997,0.999075,26.466919,-0.703819,0.000506,26.373535,198.51608,1.000687,25.533051,-12.499997,0.894741,1770,19.604031,0.004349,28.770416,-12.499997,200.819241,0.006922,27.743164,200.545525,-0.003809,27.05835,-12.499997,1770,-12.499997,1770,1770,0,11.796178,1770,-12.499997,1770,269,261.5,253,1770,2.707522,0.30041,1770,1770,281.159485,294.357971,289.097229,282.342407,277.206177,266.031128,249.906555,2.407113,33.626434,21.673126,2.253573,-0.536926,135,7515,17.447929,25.657562,1770,1770,1770,1770,150.170571,1770,1770,0.059532,249.906555,405.859924,442.249023,449.470825,452.614746,427.431885,360.350159,1770,1770,1770,1770,1770,1770,1770,1770,150.111039,1770,1770,1770,1770,1770,1770,1770,1770,1770,1770,1770,1770,1770,1770,46.295715,22.451355,149.889798,-12.499997,1.470754,1770,1770,-12.499997,-6.249999,1770,1770,1770,1770,455,440,445,1770,1770,1770,1770,1770,1770,-6.249999,1770,1770,1770,22.504352,0.044367,0.005694,0.011431,21.962525,0.007919,0.02,1770,0,DRM/CNF In,0,0,0,0,250,69.44986,0,0,0,0,0,0,0,0,0,0,0,0,0,0,0,0,250,57.411023,0,0,0,0
11/13/2023,2:19:24 PM,-12.499997,0.999008,26.466919,-0.737195,0.000172,26.311279,198.51608,1.001488,25.533051,-12.499997,0.894541,1770,19.530596,0.003948,28.645905,-12.499997,200.585572,0.005421,27.587524,200.432043,-0.002458,27.027222,-12.499997,1770,-12.499997,1770,1770,0,11.762802,1770,-12.499997,1770,267,259.8,252,1770,2.714205,0.320445,1770,1770,279.291809,292.521362,287.322937,280.63031,275.556396,264.568054,250,2.39376,33.84436,21.704254,2.266925,-0.450138,126,7519.3,17.731612,25.719818,1770,1770,1770,1770,150.163912,1770,1770,0.039532,250.031128,405.859924,442.249023,449.470825,452.583618,427.400757,360.381287,1770,1770,1770,1770,1770,1770,1770,1770,150.12438,1770,1770,1770,1770,1770,1770,1770,1770,1770,1770,1770,1770,1770,1770,46.326843,22.544739,149.876433,-12.499997,1.464028,1770,1770,-12.499997,-6.249999,1770,1770,1770,1770,455,440,445,1770,1770,1770,1770,1770,1770,-6.249999,1770,1770,1770,22.503905,0.044367,0.005694,0.011431,21.962974,0.007919,0.02,1770,0,DRM/CNF In,0,0,0,0,250,69.323122,0,0,0,0,0,0,0,0,0,0,0,0,0,0,0,0,250,57.268804,0,0,0,0
11/13/2023,2:21:25 PM,-12.499997,0.999075,26.373535,-0.677113,-0.000162,26.217896,198.469327,1.001288,25.439667,-12.499997,0.897145,1770,19.510572,0.004349,28.490265,-12.499997,200.538819,0.00407,27.494141,200.432043,-0.003959,26.90271,-12.499997,1770,-12.499997,1770,1770,0,11.822884,1770,-12.499997,1770,265,258.2,250,1770,2.707522,0.320433,1770,1770,277.4552,290.715942,285.579712,278.98053,273.968872,263.198425,250,2.387089,33.968872,21.704254,2.206843,-0.496867,135,7523.65,17.56743,25.719818,1770,1770,1770,1770,150.1973,1770,1770,0.086261,250.093384,405.891052,442.280151,449.501953,452.583618,427.431885,360.381287,1770,1770,1770,1770,1770,1770,1770,1770,150.111039,1770,1770,1770,1770,1770,1770,1770,1770,1770,1770,1770,1770,1770,1770,46.326843,22.544739,149.876433,-12.499997,1.470971,1770,1770,-12.499997,-6.249999,1770,1770,1770,1770,455,440,445,1770,1770,1770,1770,1770,1770,-6.249999,1770,1770,1770,22.398995,0.044367,0.005694,0.016344,21.962974,0.007919,0.03,1770,0,DRM/CNF In,0,0,0,0,250,69.051186,0,0,0,0,0,0,0,0,0,0,0,0,0,0,0,0,250,57.288719,0,0,0,0
11/13/2023,2:23:26 PM,-12.499997,0.998875,26.373535,-0.737195,-0.000095,26.15564,198.449304,1.001488,25.408539,-12.499997,0.897545,1770,19.530596,0.003815,28.521393,-12.499997,200.552184,0.004821,27.463013,200.432043,-0.003058,26.840454,-12.499997,1770,-12.499997,1770,1770,0,11.762802,1770,-12.499997,1770,263,256.5,248,1770,2.707522,0.313763,1770,1770,275.618652,288.941589,283.898804,277.299561,272.319031,261.673096,250.062256,2.39376,34.062256,21.673126,2.266925,-0.50355,135,7527.95,17.791327,25.750946,1770,1770,1770,1770,150.264029,1770,1770,0.106238,250.062256,405.891052,442.280151,449.501953,452.55249,427.400757,360.412415,1770,1770,1770,1770,1770,1770,1770,1770,150.157791,1770,1770,1770,1770,1770,1770,1770,1770,1770,1770,1770,1770,1770,1770,46.357971,22.606995,149.889798,-12.499997,1.465872,1770,1770,-12.499997,-6.249999,1770,1770,1770,1770,455,440,445,1770,1770,1770,1770,1770,1770,-6.249999,1770,1770,1770,22.398548,0.044367,0.005694,0.016344,21.963868,0.007919,0.03,1770,0,DRM/CNF In,0,0,0,0,250,69.034108,0,0,0,0,0,0,0,0,0,0,0,0,0,0,0,0,250,57.03251,0,0,0,0
11/13/2023,2:25:26 PM,-12.499997,0.999008,26.466919,-0.683796,0.000305,26.186768,198.51608,1.001288,25.439667,-12.499997,0.895743,1770,19.557302,0.004883,28.677032,-12.499997,200.545525,0.005421,27.618652,200.39195,-0.002758,26.90271,-12.499997,1770,-12.499997,1770,1770,0,11.816202,1770,-12.499997,1770,262,254.8,247,1770,2.707522,0.313763,1770,1770,273.844299,287.167297,282.186768,275.680908,270.762634,260.272339,249.906555,2.39376,34,21.579742,2.233537,-0.476844,126,7532.2,17.483519,25.750946,1770,1770,1770,1770,150.244005,1770,1770,0.086214,250,405.891052,442.280151,449.501953,452.55249,427.431885,360.443542,1770,1770,1770,1770,1770,1770,1770,1770,150.157791,1770,1770,1770,1770,1770,1770,1770,1770,1770,1770,1770,1770,1770,1770,46.233459,22.606995,149.896457,-12.499997,1.465872,1770,1770,-12.499997,-6.249999,1770,1770,1770,1770,455,440,445,1770,1770,1770,1770,1770,1770,-6.249999,1770,1770,1770,22.398995,0.03936,0.005694,0.011431,21.965652,0.007919,0.03,1770,0,DRM/CNF In,0,0,0,0,250,69.194089,0,0,0,0,0,0,0,0,0,0,0,0,0,0,0,0,250,57.481657,0,0,0,0
11/13/2023,2:27:27 PM,-12.499997,0.999142,26.529175,-0.723842,0.000372,26.311279,198.462668,1.000687,25.564178,-12.499997,0.898947,1770,19.517243,0.00515,28.770416,-12.499997,200.552184,0.003995,27.743164,200.425338,-0.002683,26.996094,-12.499997,1770,-12.499997,1770,1770,0,11.776155,1770,-12.499997,1770,260,253.1,245,1770,2.707522,0.313763,1770,1770,272.070007,285.392944,280.536926,274.031128,269.206177,258.840454,250.062256,2.39376,34.15564,21.579742,2.253573,-0.496867,126,7536.55,17.627162,25.750946,1770,1770,1770,1770,150.217323,1770,1770,0.099602,250.031128,405.953308,442.280151,449.501953,452.583618,427.431885,360.443542,1770,1770,1770,1770,1770,1770,1770,1770,150.117721,1770,1770,1770,1770,1770,1770,1770,1770,1770,1770,1770,1770,1770,1770,46.295715,22.606995,149.909821,-12.499997,1.467174,1770,1770,-12.499997,-6.249999,1770,1770,1770,1770,455,440,445,1770,1770,1770,1770,1770,1770,-6.249999,1770,1770,1770,22.398548,0.044367,0.002594,0.011431,21.964758,0.007919,0.03,1770,0,DRM/CNF In,0,0,0,0,250,69.13251,0,0,0,0,0,0,0,0,0,0,0,0,0,0,0,0,250,57.091846,0,0,0,0
11/13/2023,2:29:28 PM,-12.499997,0.998875,26.622559,-0.683796,0.00144,26.373535,198.51608,1.001288,25.626434,-12.499997,0.766566,1770,19.543949,0.004749,28.926056,-12.499997,200.525501,0.00377,27.836578,200.425338,-0.003809,27.05835,-12.499997,1770,-12.499997,1770,1770,0,11.816202,1770,-12.499997,1770,258,251.5,244,1770,2.64077,0.507361,1770,1770,273.066101,284.521362,278.420227,272.163391,267.151733,257.283997,250.093384,2.133409,33.284027,21.76651,2.180138,-0.516891,126,7540.85,17.420143,25.782074,1770,1770,1770,1770,150.25737,1770,1770,0.11292,250,405.953308,442.249023,449.470825,452.583618,427.431885,360.443542,1770,1770,1770,1770,1770,1770,1770,1770,150.14445,1770,1770,1770,1770,1770,1770,1770,1770,1770,1770,1770,1770,1770,1770,46.357971,22.700378,149.896457,-12.499997,1.477371,1770,1770,-12.499997,-6.249999,1770,1770,1770,1770,455,440,445,1770,1770,1770,1770,1770,1770,-6.249999,1770,1770,1770,22.398548,0.044367,0.005694,0.011431,21.964758,0.009535,0.03,1770,0,DRM/CNF In,0,0,0,0,250,69.182878,0,0,0,0,0,0,0,0,0,0,0,0,0,0,0,0,250,56.18271,0,0,0,0
11/13/2023,2:31:29 PM,-12.499997,0.898537,26.560303,-0.71049,0.000372,26.404663,198.836501,1.001288,25.626434,-12.499997,0.895943,1770,19.537278,0.003948,28.894928,-12.499997,198.689632,0.098316,27.929962,198.84316,0.096515,27.120605,-12.499997,1770,-12.499997,1770,1770,0,11.789508,1770,-12.499997,1770,257,249.9,242,1770,2.707522,0.313763,1770,1770,270.575867,282.560303,277.050537,270.700378,265.875427,255.945496,249.68866,2.39376,33.439667,21.704254,2.300302,-0.456809,135,7545.2,17.543253,25.813202,1770,1770,1770,1770,150.123865,1770,1770,0.046191,250,405.891052,442.249023,449.470825,452.583618,427.431885,360.47467,1770,1770,1770,1770,1770,1770,1770,1770,150.077674,1770,1770,1770,1770,1770,1770,1770,1770,1770,1770,1770,1770,1770,1770,46.389099,22.700378,149.876433,-12.499997,1.469127,1770,1770,-12.499997,-6.249999,1770,1770,1770,1770,455,440,445,1770,1770,1770,1770,1770,1770,-6.249999,1770,1770,1770,22.398995,0.044367,0.005694,0.011431,21.964758,0.004684,0.04,1770,0,DRM/CNF In,0,0,0,0,250,69.261203,0,0,0,0,0,0,0,0,0,0,0,0,0,0,0,0,250,57.74929,0,0,0,0
11/13/2023,2:33:30 PM,-12.499997,0.898737,26.622559,-0.66376,-0.000162,26.498047,198.829842,1.000687,25.750946,-12.499997,0.895743,1770,19.604031,0.004215,29.01944,-12.499997,198.702996,0.098766,27.992218,199.370568,0.09659,27.245117,-12.499997,1770,-12.499997,1770,1770,0,11.836237,1770,-12.499997,1770,255,248.3,241,1770,2.707522,0.313763,1770,1770,268.55249,280.78595,275.525269,269.081665,264.381287,254.544739,249.813171,2.39376,33.533051,21.735382,2.300302,-0.470162,126,7549.5,17.561943,25.813202,1770,1770,1770,1770,150.150547,1770,1770,0.072873,249.937683,406.918274,442.591431,449.564209,452.614746,427.431885,360.47467,1770,1770,1770,1770,1770,1770,1770,1770,150.077674,1770,1770,1770,1770,1770,1770,1770,1770,1770,1770,1770,1770,1770,1770,46.389099,22.731506,149.876433,-12.499997,1.462726,1770,1770,-12.499997,-6.249999,1770,1770,1770,1770,455,440,445,1770,1770,1770,1770,1770,1770,-6.249999,1770,1770,1770,22.398548,0.044367,0.005694,0.016344,21.965652,0.004684,0.03,1770,0,DRM/CNF In,0,0,0,0,250,69.507441,0,0,0,0,0,0,0,0,0,0,0,0,0,0,0,0,250,57.828582,0,0,0,0
11/13/2023,2:35:31 PM,-12.499997,0.799201,26.684814,-0.737195,-0.000429,26.653687,199.090194,1.000887,25.84436,-12.499997,0.892338,1770,19.590678,0.004215,29.206207,-12.499997,197.881849,0.198114,28.147858,198.84316,0.197364,27.369629,-12.499997,1770,-12.499997,1770,1770,0,11.762802,1770,-12.499997,1770,253,246.7,239,1770,2.707522,0.313763,1770,1770,266.560303,278.98053,273.875488,267.525269,262.918274,253.206177,250,2.39376,33.719818,21.735382,2.233537,-0.523573,144,7553.825,17.561943,25.782074,1770,1770,1770,1770,150.103841,1770,1770,0.012826,249.782043,408.101135,443.151733,450.062256,453.673157,427.96106,360.63031,1770,1770,1770,1770,1770,1770,1770,1770,150.091016,1770,1770,1770,1770,1770,1770,1770,1770,1770,1770,1770,1770,1770,1770,46.420227,22.762634,149.876433,-12.499997,1.457194,1770,1770,-12.499997,-6.249999,1770,1770,1770,1770,455,440,445,1770,1770,1770,1770,1770,1770,-6.249999,1770,1770,1770,22.502561,0.044367,0.005694,0.016344,21.966098,0.007919,0.03,1770,0,DRM/CNF In,0,0,0,0,250,70.107405,0,0,0,0,0,0,0,0,0,0,0,0,0,0,0,0,250,57.524345,0,0,0,0
11/13/2023,2:37:32 PM,-12.499997,0.799268,26.715942,-0.71049,0.000506,26.684814,199.07017,1.001288,25.906616,-12.499997,0.896744,1770,19.557302,0.004883,29.268463,-12.499997,198.415916,0.198039,28.210114,199.116876,0.197214,27.431885,-12.499997,1770,-12.499997,1770,1770,0,11.789508,1770,-12.499997,1770,252,245.1,238,1770,2.714205,0.307092,1770,1770,264.599182,277.206177,272.287903,265.937744,261.424072,251.867676,250,2.407113,33.782074,21.704254,2.273596,-0.483515,126,7558.075,17.644008,25.813202,1770,1770,1770,1770,150.083795,1770,1770,-0.007221,249.813171,410.217896,444.085571,450.560303,455.167297,429.393005,360.661438,1770,1770,1770,1770,1770,1770,1770,1770,150.091016,1770,1770,1770,1770,1770,1770,1770,1770,1770,1770,1770,1770,1770,1770,46.295715,22.762634,149.869751,-12.499997,1.448624,1770,1770,-12.499997,-6.249999,1770,1770,1770,1770,455,440,445,1770,1770,1770,1770,1770,1770,-6.249999,1770,1770,1770,22.503008,0.044367,0.005694,0.016344,21.966098,0.007919,0.04,1770,0,DRM/CNF In,0,0,0,0,250,70.328643,0,0,0,0,0,0,0,0,0,0,0,0,0,0,0,0,250,57.584516,0,0,0,0
11/13/2023,2:39:33 PM,-12.499997,0.799268,26.715942,-0.677113,0.000973,26.715942,198.956642,1.001288,25.906616,-12.499997,0.895142,1770,19.537278,0.006218,29.299591,-12.499997,198.415916,0.198114,28.272369,199.110217,0.197214,27.431885,-12.499997,1770,-12.499997,1770,1770,0,11.822884,1770,-12.499997,1770,250,243.5,236,1770,2.707522,0.313763,1770,1770,262.638123,275.431885,270.700378,264.381287,259.929932,250.466919,250,2.39376,33.813232,21.673126,2.293631,-0.436786,126,7562.3,17.04371,25.84436,1770,1770,1770,1770,150.103841,1770,1770,0.012826,249.906555,411.027222,444.583618,450.871582,456.848206,431.167297,360.661438,1770,1770,1770,1770,1770,1770,1770,1770,150.091016,1770,1770,1770,1770,1770,1770,1770,1770,1770,1770,1770,1770,1770,1770,46.295715,22.793762,149.869751,-12.499997,1.442549,1770,1770,-12.499997,-6.249999,1770,1770,1770,1770,455,440,445,1770,1770,1770,1770,1770,1770,-6.249999,1770,1770,1770,22.502561,0.044367,0.005694,0.016344,21.966991,0.007919,0.03,1770,0,DRM/CNF In,0,0,0,0,250,70.312967,0,0,0,0,0,0,0,0,0,0,0,0,0,0,0,0,250,57.558568,0,0,0,0
11/13/2023,2:41:34 PM,-12.499997,0.598793,26.715942,-0.66376,0.00144,26.840454,199.116876,1.000687,25.968872,-12.499997,0.90095,1770,19.537278,0.004883,29.455231,-12.499997,198.028719,0.298512,28.365753,198.889913,0.296036,27.556396,-12.499997,1770,-12.499997,1770,1770,0,11.836237,1770,-12.499997,1770,248,242,235,1770,2.707522,0.313763,1770,1770,260.832642,273.782043,269.081665,262.887146,258.435791,249.097229,250,2.39376,33.906616,21.673126,2.206843,-0.543597,117,7566.475,16.941161,25.906616,1770,1770,1770,1770,150.077112,1770,1770,-0.013903,250.031128,412.988281,445.33075,450.871582,457.875488,431.820984,360.599182,1770,1770,1770,1770,1770,1770,1770,1770,150.091016,1770,1770,1770,1770,1770,1770,1770,1770,1770,1770,1770,1770,1770,1770,45.797668,22.793762,149.869751,-12.499997,1.308573,1770,1770,-12.499997,-6.249999,1770,1770,1770,1770,455,440,445,1770,1770,1770,1770,1770,1770,-6.249999,1770,1770,1770,22.501216,0.044367,0.005694,0.011431,21.966991,0.007919,0.04,1770,0,DRM/CNF In,0,0,0,0,250,70.022763,0,0,0,0,0,0,0,0,0,0,0,0,0,0,0,0,250,57.514025,0,0,0,0
11/13/2023,2:43:35 PM,-12.499997,0.598993,26.715942,-0.65709,-0.000629,26.933838,199.07017,1.001288,26.093384,-12.499997,0.891136,1770,19.557302,0.00515,29.579742,-12.499997,198.148906,0.298663,28.521393,199.043441,0.296036,27.64978,-12.499997,1770,-12.499997,1770,1770,0,11.842907,1770,-12.499997,1770,247,240.4,233,1770,2.714205,0.307092,1770,1770,258.996094,272.070007,267.494141,261.361816,256.972717,247.758728,250.031128,2.407113,33.937744,21.673126,2.273596,-0.550279,117,7570.275,15.483348,25.968872,1770,1770,1770,1770,150.117183,1770,1770,0.026167,249.906555,415.478577,446.295715,450.933838,458.684814,431.634216,360.412415,1770,1770,1770,1770,1770,1770,1770,1770,150.091016,1770,1770,1770,1770,1770,1770,1770,1770,1770,1770,1770,1770,1770,1770,45.237335,22.887146,149.869751,-12.499997,1.320398,1770,1770,-12.499997,-6.249999,1770,1770,1770,1770,455,440,445,1770,1770,1770,1770,1770,1770,-6.249999,1770,1770,1770,22.502561,0.044367,0.005694,0.011431,21.967885,0.007919,0.04,1770,0,DRM/CNF In,0,0,0,0,250,70.339408,0,0,0,0,0,0,0,0,0,0,0,0,0,0,0,0,250,57.400631,0,0,0,0
11/13/2023,2:45:36 PM,-12.499997,0.59906,26.840454,-0.643737,-0.000629,27.027222,199.083535,1.000887,26.15564,-12.499997,0.896744,1770,19.604031,0.003948,29.735382,-12.499997,198.148906,0.298512,28.677032,198.996735,0.295736,27.80542,-12.499997,1770,-12.499997,1770,1770,0,11.85626,1770,-12.499997,1770,245,238.8,232,1770,2.69417,0.30041,1770,1770,257.252869,270.420227,265.937744,259.836548,255.509705,246.420227,249.937683,2.39376,33.968872,21.673126,2.24689,-0.550279,117,7574.075,15.666287,25.968872,1770,1770,1770,1770,150.077112,1770,1770,-0.000562,249.813171,416.723694,446.856018,451.05835,459.80542,431.540833,360.287903,1770,1770,1770,1770,1770,1770,1770,1770,150.077674,1770,1770,1770,1770,1770,1770,1770,1770,1770,1770,1770,1770,1770,1770,45.050568,22.887146,149.869751,-12.499997,1.318228,1770,1770,-12.499997,-6.249999,1770,1770,1770,1770,455,440,445,1770,1770,1770,1770,1770,1770,-6.249999,1770,1770,1770,22.501663,0.044367,0.005694,0.011431,21.967437,0.007919,0.05,1770,0,DRM/CNF In,0,0,0,0,250,70.916891,0,0,0,0,0,0,0,0,0,0,0,0,0,0,0,0,250,57.647167,0,0,0,0
11/13/2023,2:47:37 PM,-12.499997,0.398985,26.684814,-0.637066,0.00144,27.027222,199.33718,1.000687,26.124512,-12.499997,0.896544,1770,19.543949,0.004482,29.673126,-12.499997,198.16227,0.399361,28.583649,198.84316,0.396285,27.743164,-12.499997,1770,-12.499997,1770,1770,0,11.862931,1770,-12.499997,1770,243,237.3,230,1770,2.707522,0.30041,1770,1770,255.57196,268.801514,264.350159,258.280151,254.015564,245.112793,250.031128,2.407113,34.217896,21.704254,2.253573,-0.550279,108,7577.5,13.733043,26.031128,1770,1770,1770,1770,150.077112,1770,1770,-0.013903,250.093384,420.147827,448.038879,450.996094,460.490234,431.229553,360.007751,1770,1770,1770,1770,1770,1770,1770,1770,150.091016,1770,1770,1770,1770,1770,1770,1770,1770,1770,1770,1770,1770,1770,1770,44.147858,22.918274,149.849728,-12.499997,1.176334,1770,1770,-12.499997,-6.249999,1770,1770,1770,1770,455,440,445,1770,1770,1770,1770,1770,1770,-6.249999,1770,1770,1770,22.501663,0.03936,0.005694,0.011431,21.967437,0.004684,0.05,1770,0,DRM/CNF In,0,0,0,0,250,70.249908,0,0,0,0,0,0,0,0,0,0,0,0,0,0,0,0,250,57.386833,0,0,0,0
11/13/2023,2:49:37 PM,-12.499997,0.398718,26.715942,-0.643737,0.000973,27.05835,199.343886,1.001888,26.186768,-12.499997,0.894141,1770,19.510572,0.004215,29.76651,-12.499997,198.148906,0.399286,28.677032,198.84316,0.39621,27.80542,-12.499997,1770,-12.499997,1770,1770,0,11.85626,1770,-12.499997,1770,242,235.8,229,1770,2.707522,0.313763,1770,1770,253.828735,267.120605,262.887146,256.848206,252.645874,243.743164,250,2.39376,34.311279,21.704254,2.186808,-0.563632,90,7580.775,13.321716,26.124512,1770,1770,1770,1770,150.070454,1770,1770,-0.020562,249.906555,421.735413,448.599182,451.151733,461.393005,431.167297,359.820984,1770,1770,1770,1770,1770,1770,1770,1770,150.091016,1770,1770,1770,1770,1770,1770,1770,1770,1770,1770,1770,1770,1770,1770,43.867706,23.042786,149.843046,-12.499997,1.193908,1770,1770,-12.499997,-6.249999,1770,1770,1770,1770,455,440,445,1770,1770,1770,1770,1770,1770,-6.249999,1770,1770,1770,22.501216,0.044367,0.005694,0.016344,21.967437,0.007919,0.05,1770,0,DRM/CNF In,0,0,0,0,250,70.664685,0,0,0,0,0,0,0,0,0,0,0,0,0,0,0,0,250,57.421093,0,0,0,0
11/13/2023,2:51:38 PM,-12.499997,0.199512,26.684814,-0.65709,0.000506,27.05835,199.510779,1.000687,26.15564,-12.499997,0.896143,1770,19.49722,0.003948,29.797638,-12.499997,197.888555,0.498784,28.70816,198.836501,0.496533,27.836578,-12.499997,1770,-12.499997,1770,1770,0,11.842907,1770,-12.499997,1770,240,234.4,228,1770,2.707522,0.313763,1770,1770,252.147827,265.501892,261.299561,255.322937,251.213989,242.466919,250.124512,2.39376,34.404663,21.828766,2.206843,-0.66376,90,7584,12.768352,26.124512,1770,1770,1770,1770,150.077112,1770,1770,0.00612,249.875427,424.070007,449.377441,451.151733,461.891052,430.98053,359.540833,1770,1770,1770,1770,1770,1770,1770,1770,150.070992,1770,1770,1770,1770,1770,1770,1770,1770,1770,1770,1770,1770,1770,1770,43.05835,22.98053,149.782975,-12.499997,1.040622,1770,1770,-12.499997,-6.249999,1770,1770,1770,1770,455,440,445,1770,1770,1770,1770,1770,1770,-6.249999,1770,1770,1770,22.501216,0.044367,0.002594,0.011431,21.967437,0.004684,0.03,1770,0,DRM/CNF In,0,0,0,0,250,71.008273,0,0,0,0,0,0,0,0,0,0,0,0,0,0,0,0,250,57.025007,0,0,0,0
11/13/2023,2:53:39 PM,-12.499997,0.199512,26.622559,-0.643737,0.000772,27.027222,199.323862,1.001288,26.15564,-12.499997,0.895943,1770,19.44382,0.004482,29.797638,-12.499997,198.122177,0.498634,28.70816,198.836501,0.496533,27.80542,-12.499997,1770,-12.499997,1770,1770,0,11.85626,1770,-12.499997,1770,239,232.9,226,1770,2.707522,0.313763,1770,1770,250.498047,263.914368,259.774292,253.890991,249.782043,241.159515,250.062256,2.39376,34.373535,21.828766,2.186808,-0.66376,90,7586.85,11.661625,26.124512,1770,1770,1770,1770,150.077112,1770,1770,-0.013903,249.906555,425.84436,450.093384,451.213989,462.202332,430.793762,359.385193,1770,1770,1770,1770,1770,1770,1770,1770,150.091016,1770,1770,1770,1770,1770,1770,1770,1770,1770,1770,1770,1770,1770,1770,42.529175,23.042786,149.829704,-12.499997,1.045504,1770,1770,-12.499997,-6.249999,1770,1770,1770,1770,455,440,445,1770,1770,1770,1770,1770,1770,-6.249999,1770,1770,1770,22.501216,0.044367,0.005694,0.016344,21.968779,0.007919,0.02,1770,0,DRM/CNF In,0,0,0,0,250,71.079495,0,0,0,0,0,0,0,0,0,0,0,0,0,0,0,0,250,56.991033,0,0,0,0
11/13/2023,2:53:39 PM,-12.499997,0.199512,26.622559,-0.643737,0.000772,27.027222,199.323862,1.001288,26.15564,-12.499997,0.895943,1770,19.44382,0.004482,29.797638,-12.499997,198.122177,0.498634,28.70816,198.836501,0.496533,27.80542,-12.499997,1770,-12.499997,1770,1770,0,11.85626,1770,-12.499997,1770,239,232.9,226,1770,2.707522,0.313763,1770,1770,250.498047,263.914368,259.774292,253.890991,249.782043,241.159515,250.062256,2.39376,34.373535,21.828766,2.186808,-0.66376,90,7586.85,11.661625,26.124512,1770,1770,1770,1770,150.077112,1770,1770,-0.013903,249.906555,425.84436,450.093384,451.213989,462.202332,430.793762,359.385193,1770,1770,1770,1770,1770,1770,1770,1770,150.091016,1770,1770,1770,1770,1770,1770,1770,1770,1770,1770,1770,1770,1770,1770,42.529175,23.042786,149.829704,-12.499997,1.045504,1770,1770,-12.499997,-6.249999,1770,1770,1770,1770,455,440,445,1770,1770,1770,1770,1770,1770,-6.249999,1770,1770,1770,22.501216,0.044367,0.005694,0.016344,21.968779,0.007919,0.02,1770,0,DRM/CNF In,0,0,0,0,250,71.079495,0,0,0,0,0,0,0,0,0,0,0,0,0,0,0,0,250,56.991033,0,0,0,0
11/13/2023,2:53:39 PM,-12.499997,0.199512,26.622559,-0.643737,0.000772,27.027222,199.323862,1.001288,26.15564,-12.499997,0.895943,1770,19.44382,0.004482,29.797638,-12.499997,198.122177,0.498634,28.70816,198.836501,0.496533,27.80542,-12.499997,1770,-12.499997,1770,1770,0,11.85626,1770,-12.499997,1770,239,232.9,226,1770,2.707522,0.313763,1770,1770,250.498047,263.914368,259.774292,253.890991,249.782043,241.159515,250.062256,2.39376,34.373535,21.828766,2.186808,-0.66376,90,7586.85,11.661625,26.124512,1770,1770,1770,1770,150.077112,1770,1770,-0.013903,249.906555,425.84436,450.093384,451.213989,462.202332,430.793762,359.385193,1770,1770,1770,1770,1770,1770,1770,1770,150.091016,1770,1770,1770,1770,1770,1770,1770,1770,1770,1770,1770,1770,1770,1770,42.529175,23.042786,149.829704,-12.499997,1.045504,1770,1770,-12.499997,-6.249999,1770,1770,1770,1770,455,440,445,1770,1770,1770,1770,1770,1770,-6.249999,1770,1770,1770,22.501216,0.044367,0.005694,0.016344,21.968779,0.007919,0.02,1770,0,DRM/CNF In,0,0,0,0,250,71.079495,0,0,0,0,0,0,0,0,0,0,0,0,0,0,0,0,250,56.991033,0,0,0,0
11/13/2023,2:53:39 PM,-12.499997,0.199512,26.622559,-0.643737,0.000772,27.027222,199.323862,1.001288,26.15564,-12.499997,0.895943,1770,19.44382,0.004482,29.797638,-12.499997,198.122177,0.498634,28.70816,198.836501,0.496533,27.80542,-12.499997,1770,-12.499997,1770,1770,0,11.85626,1770,-12.499997,1770,239,232.9,226,1770,2.707522,0.313763,1770,1770,250.498047,263.914368,259.774292,253.890991,249.782043,241.159515,250.062256,2.39376,34.373535,21.828766,2.186808,-0.66376,90,7586.85,11.661625,26.124512,1770,1770,1770,1770,150.077112,1770,1770,-0.013903,249.906555,425.84436,450.093384,451.213989,462.202332,430.793762,359.385193,1770,1770,1770,1770,1770,1770,1770,1770,150.091016,1770,1770,1770,1770,1770,1770,1770,1770,1770,1770,1770,1770,1770,1770,42.529175,23.042786,149.829704,-12.499997,1.045504,1770,1770,-12.499997,-6.249999,1770,1770,1770,1770,455,440,445,1770,1770,1770,1770,1770,1770,-6.249999,1770,1770,1770,22.501216,0.044367,0.005694,0.016344,21.968779,0.007919,0.02,1770,0,DRM/CNF In,0,0,0,0,250,71.079495,0,0,0,0,0,0,0,0,0,0,0,0,0,0,0,0,250,56.991033,0,0,0,0
11/13/2023,2:53:39 PM,-12.499997,0.199512,26.622559,-0.643737,0.000772,27.027222,199.323862,1.001288,26.15564,-12.499997,0.895943,1770,19.44382,0.004482,29.797638,-12.499997,198.122177,0.498634,28.70816,198.836501,0.496533,27.80542,-12.499997,1770,-12.499997,1770,1770,0,11.85626,1770,-12.499997,1770,239,232.9,226,1770,2.707522,0.313763,1770,1770,250.498047,263.914368,259.774292,253.890991,249.782043,241.159515,250.062256,2.39376,34.373535,21.828766,2.186808,-0.66376,90,7586.85,11.661625,26.124512,1770,1770,1770,1770,150.077112,1770,1770,-0.013903,249.906555,425.84436,450.093384,451.213989,462.202332,430.793762,359.385193,1770,1770,1770,1770,1770,1770,1770,1770,150.091016,1770,1770,1770,1770,1770,1770,1770,1770,1770,1770,1770,1770,1770,1770,42.529175,23.042786,149.829704,-12.499997,1.045504,1770,1770,-12.499997,-6.249999,1770,1770,1770,1770,455,440,445,1770,1770,1770,1770,1770,1770,-6.249999,1770,1770,1770,22.501216,0.044367,0.005694,0.016344,21.968779,0.007919,0.02,1770,0,DRM/CNF In,0,0,0,0,250,71.079495,0,0,0,0,0,0,0,0,0,0,0,0,0,0,0,0,250,56.991033,0,0,0,0
11/13/2023,2:53:39 PM,-12.499997,0.199512,26.622559,-0.643737,0.000772,27.027222,199.323862,1.001288,26.15564,-12.499997,0.895943,1770,19.44382,0.004482,29.797638,-12.499997,198.122177,0.498634,28.70816,198.836501,0.496533,27.80542,-12.499997,1770,-12.499997,1770,1770,0,11.85626,1770,-12.499997,1770,239,232.9,226,1770,2.707522,0.313763,1770,1770,250.498047,263.914368,259.774292,253.890991,249.782043,241.159515,250.062256,2.39376,34.373535,21.828766,2.186808,-0.66376,90,7586.85,11.661625,26.124512,1770,1770,1770,1770,150.077112,1770,1770,-0.013903,249.906555,425.84436,450.093384,451.213989,462.202332,430.793762,359.385193,1770,1770,1770,1770,1770,1770,1770,1770,150.091016,1770,1770,1770,1770,1770,1770,1770,1770,1770,1770,1770,1770,1770,1770,42.529175,23.042786,149.829704,-12.499997,1.045504,1770,1770,-12.499997,-6.249999,1770,1770,1770,1770,455,440,445,1770,1770,1770,1770,1770,1770,-6.249999,1770,1770,1770,22.501216,0.044367,0.005694,0.016344,21.968779,0.007919,0.02,1770,0,DRM/CNF In,0,0,0,0,250,71.079495,0,0,0,0,0,0,0,0,0,0,0,0,0,0,0,0,250,56.991033,0,0,0,0
11/13/2023,2:53:39 PM,-12.499997,0.199512,26.622559,-0.643737,0.000772,27.027222,199.323862,1.001288,26.15564,-12.499997,0.895943,1770,19.44382,0.004482,29.797638,-12.499997,198.122177,0.498634,28.70816,198.836501,0.496533,27.80542,-12.499997,1770,-12.499997,1770,1770,0,11.85626,1770,-12.499997,1770,239,232.9,226,1770,2.707522,0.313763,1770,1770,250.498047,263.914368,259.774292,253.890991,249.782043,241.159515,250.062256,2.39376,34.373535,21.828766,2.186808,-0.66376,90,7586.85,11.661625,26.124512,1770,1770,1770,1770,150.077112,1770,1770,-0.013903,249.906555,425.84436,450.093384,451.213989,462.202332,430.793762,359.385193,1770,1770,1770,1770,1770,1770,1770,1770,150.091016,1770,1770,1770,1770,1770,1770,1770,1770,1770,1770,1770,1770,1770,1770,42.529175,23.042786,149.829704,-12.499997,1.045504,1770,1770,-12.499997,-6.249999,1770,1770,1770,1770,455,440,445,1770,1770,1770,1770,1770,1770,-6.249999,1770,1770,1770,22.501216,0.044367,0.005694,0.016344,21.968779,0.007919,0.02,1770,0,DRM/CNF In,0,0,0,0,250,71.079495,0,0,0,0,0,0,0,0,0,0,0,0,0,0,0,0,250,56.991033,0,0,0,0
11/13/2023,2:53:39 PM,-12.499997,0.199512,26.622559,-0.643737,0.000772,27.027222,199.323862,1.001288,26.15564,-12.499997,0.895943,1770,19.44382,0.004482,29.797638,-12.499997,198.122177,0.498634,28.70816,198.836501,0.496533,27.80542,-12.499997,1770,-12.499997,1770,1770,0,11.85626,1770,-12.499997,1770,239,232.9,226,1770,2.707522,0.313763,1770,1770,250.498047,263.914368,259.774292,253.890991,249.782043,241.159515,250.062256,2.39376,34.373535,21.828766,2.186808,-0.66376,90,7586.85,11.661625,26.124512,1770,1770,1770,1770,150.077112,1770,1770,-0.013903,249.906555,425.84436,450.093384,451.213989,462.202332,430.793762,359.385193,1770,1770,1770,1770,1770,1770,1770,1770,150.091016,1770,1770,1770,1770,1770,1770,1770,1770,1770,1770,1770,1770,1770,1770,42.529175,23.042786,149.829704,-12.499997,1.045504,1770,1770,-12.499997,-6.249999,1770,1770,1770,1770,455,440,445,1770,1770,1770,1770,1770,1770,-6.249999,1770,1770,1770,22.501216,0.044367,0.005694,0.016344,21.968779,0.007919,0.02,1770,0,DRM/CNF In,0,0,0,0,250,71.079495,0,0,0,0,0,0,0,0,0,0,0,0,0,0,0,0,250,56.991033,0,0,0,0
